"Player","Season","Team","GP","TOI","SA","GA","Sv%","xSv%","dSv%","LDSv%","MDSv%","HDSv%","GSAA"
"AARON.DELL","2016-2017","S.J",20,951.31,449,23,94.88,92.44,2.43,98.64,96.03,82.05,10.93
"AARON.DELL","2017-2018","S.J",29,1235.49,606,49,91.91,91.74,0.17,97.6,92.97,77.52,1.05
"AARON.DELL","2018-2019","S.J",25,1057.78,473,45,90.49,91.24,-0.75,98.03,89.02,78.3,-3.57
"ADIN.HILL","2017-2018","ARI",4,205.05,113,12,89.38,90.27,-0.88,91.67,93.75,81.82,-1
"ADIN.HILL","2018-2019","ARI",13,545.18,255,25,90.2,91.73,-1.54,95.76,94.94,72.41,-3.92
"ALEXANDAR.GEORGIEV","2017-2018","NYR",10,430.98,274,19,93.07,91.86,1.21,99.24,89.77,83.64,3.31
"ALEXANDAR.GEORGIEV","2018-2019","NYR",33,1486.2,822,69,91.61,91.76,-0.15,98.06,91.17,79.33,-1.23
"ALEX.AULD","2007-2008","ARI/BOS",32,1208.93,534,41,92.32,92.3,0.02,97.22,92.24,80.23,0.12
"ALEX.AULD","2008-2009","OTT",43,1808.57,823,64,92.22,92.14,0.08,98.67,90.23,83.06,0.65
"ALEX.AULD","2009-2010","DAL/NYR",24,1024,472,46,90.25,92.69,-2.43,99.09,86.08,71.19,-11.49
"ALEX.AULD","2010-2011","MTL",16,561.85,278,24,91.37,92.1,-0.73,96.67,94.34,73.08,-2.03
"ALEX.AULD","2011-2012","OTT",14,481.05,215,20,90.7,91.96,-1.26,96.91,93.83,67.57,-2.71
"ALEX.LYON","2017-2018","PHI",11,402.16,198,18,90.91,91.8,-0.89,98.77,88.75,78.38,-1.77
"ALEX.STALOCK","2013-2014","S.J",24,1007.39,465,31,93.33,92.74,0.59,98.31,90.67,83.54,2.75
"ALEX.STALOCK","2014-2015","S.J",22,993.17,452,41,90.93,91.27,-0.35,99.46,91.46,74.51,-1.56
"ALEX.STALOCK","2015-2016","S.J",13,521.6,216,24,88.89,92.2,-3.31,94.9,90.41,73.33,-7.16
"ALEX.STALOCK","2017-2018","MIN",28,1143.78,571,46,91.94,93.1,-1.15,96.63,91.1,77.11,-6.58
"ALEX.STALOCK","2018-2019","MIN",21,821.98,386,34,91.19,92.32,-1.12,97.96,90.68,73.61,-4.34
"ALLEN.YORK","2011-2012","CBJ",11,305.19,151,11,92.72,93.01,-0.3,98.53,95.08,68.18,-0.45
"AL.MONTOYA","2010-2011","NYI",20,884.64,450,30,93.33,91.1,2.24,98.75,95.41,79.79,10.07
"AL.MONTOYA","2011-2012","NYI",31,1366.15,651,65,90.02,91.66,-1.65,97.8,88.44,78.43,-10.72
"AL.MONTOYA","2012-2013","WPG",7,287.98,139,13,90.65,92.3,-1.65,96.97,91.89,77.78,-2.3
"AL.MONTOYA","2013-2014","WPG",28,1228.48,583,44,92.45,92.27,0.19,96.75,92.51,82.35,1.09
"AL.MONTOYA","2014-2015","FLA",20,765.2,357,37,89.64,92.08,-2.44,95.81,89.08,76.06,-8.71
"AL.MONTOYA","2015-2016","FLA",25,1053.79,468,34,92.74,92.24,0.5,99.55,90.32,79.78,2.32
"AL.MONTOYA","2016-2017","MTL",19,921.48,453,36,92.05,92.18,-0.13,97.21,91.22,81.11,-0.58
"AL.MONTOYA","2017-2018","MTL/EDM",13,553.15,273,20,92.67,91.84,0.84,98.35,92.86,79.63,2.28
"ANDERS.LINDBACK","2010-2011","NSH",22,907.99,471,32,93.21,92.83,0.38,98.42,92.09,81.82,1.78
"ANDERS.LINDBACK","2011-2012","NSH",16,615.76,272,23,91.54,91.89,-0.35,96.67,88.04,86.67,-0.94
"ANDERS.LINDBACK","2012-2013","T.B",24,1022.05,492,46,90.65,92.84,-2.19,97.93,89.02,71.79,-10.78
"ANDERS.LINDBACK","2013-2014","T.B",23,1057.42,443,37,91.65,92.61,-0.97,98,94.01,69.74,-4.28
"ANDERS.LINDBACK","2014-2015","DAL/BUF",26,1137.15,627,54,91.39,92.97,-1.59,97.4,92.66,70.3,-9.94
"ANDERS.LINDBACK","2015-2016","ARI",19,676.8,328,30,90.85,92.59,-1.74,96.43,92.13,76.06,-5.71
"ANDERS.NILSSON","2013-2014","NYI",19,847.2,400,33,91.75,91.39,0.36,99.34,94.51,72.94,1.44
"ANDERS.NILSSON","2015-2016","EDM/STL",29,1208.52,624,54,91.35,92.22,-0.87,96.19,90,82.4,-5.43
"ANDERS.NILSSON","2016-2017","BUF",26,1214.92,656,44,93.29,92.02,1.27,98.08,92.2,84.17,8.33
"ANDERS.NILSSON","2017-2018","VAN",27,1175.55,670,57,91.49,91.65,-0.16,95.61,92.83,80.29,-1.07
"ANDERS.NILSSON","2018-2019","VAN/OTT",35,1613.52,866,73,91.57,92.39,-0.82,97.41,88.97,80.13,-7.13
"ANDREI.VASILEVSKIY","2014-2015","T.B",16,705.29,331,24,92.75,92.52,0.23,95,91.43,90.2,0.75
"ANDREI.VASILEVSKIY","2015-2016","T.B",24,963.75,469,35,92.54,93.21,-0.67,94.87,92.64,84.72,-3.14
"ANDREI.VASILEVSKIY","2016-2017","T.B",50,2250.28,1129,87,92.29,92.89,-0.59,96.51,92.88,79.06,-6.69
"ANDREI.VASILEVSKIY","2017-2018","T.B",65,3017.18,1615,111,93.13,92.91,0.22,97.91,91.55,81,3.51
"ANDREI.VASILEVSKIY","2018-2019","T.B",53,2520.92,1315,93,92.93,92.85,0.07,98.23,92.96,77.03,0.98
"ANDREW.HAMMOND","2014-2015","OTT",24,1107.55,556,33,94.06,92.9,1.17,98.13,93.65,84,6.49
"ANDREW.HAMMOND","2015-2016","OTT",24,1104.32,556,33,94.06,92.42,1.64,98,94.81,81.91,9.14
"ANDREW.RAYCROFT","2007-2008","TOR",18,646.77,316,34,89.24,91.47,-2.22,97.35,91.08,63.04,-7.03
"ANDREW.RAYCROFT","2008-2009","COL",31,1323.58,644,60,90.68,92.45,-1.77,97.31,89.23,75.86,-11.37
"ANDREW.RAYCROFT","2009-2010","VAN",21,727.65,326,30,90.8,92.06,-1.26,96.04,94.22,69.23,-4.1
"ANDREW.RAYCROFT","2010-2011","DAL",18,653.24,355,33,90.7,92.68,-1.98,97.55,90.07,70.59,-7.02
"ANDREW.RAYCROFT","2011-2012","DAL",10,430.57,243,27,88.89,92.58,-3.69,94.66,94.12,63.64,-8.97
"ANTERO.NIITTYMAKI","2007-2008","PHI",28,961.86,503,42,91.65,91.5,0.15,98.86,89.68,81.33,0.76
"ANTERO.NIITTYMAKI","2008-2009","PHI",32,1259.25,604,45,92.55,92.37,0.18,98.82,91.41,78.49,1.09
"ANTERO.NIITTYMAKI","2009-2010","T.B",49,1910.95,960,78,91.88,92.31,-0.43,98.12,94.37,67.83,-4.16
"ANTERO.NIITTYMAKI","2010-2011","S.J",24,1074.13,472,38,91.95,91.8,0.15,98.34,90.38,81.93,0.72
"ANTHONY.STOLARZ","2016-2017","PHI",7,290.92,141,7,95.04,92.05,2.99,100,97.56,80,4.21
"ANTHONY.STOLARZ","2018-2019","PHI/EDM",18,697.95,408,33,91.91,91.55,0.36,98.24,88.31,85.71,1.48
"ANTON.FORSBERG","2017-2018","CHI",35,1379.77,734,68,90.74,91.8,-1.06,97.01,90.3,78.4,-7.78
"ANTON.KHUDOBIN","2012-2013","BOS",14,628.73,297,24,91.92,93,-1.08,98.66,91.49,74.07,-3.22
"ANTON.KHUDOBIN","2013-2014","CAR",36,1684.86,887,57,93.57,92.28,1.3,98.48,95.94,77.78,11.49
"ANTON.KHUDOBIN","2014-2015","CAR",34,1563.15,702,68,90.31,91.47,-1.15,98.57,91.5,75.43,-8.1
"ANTON.KHUDOBIN","2015-2016","ANA",9,287.97,133,13,90.23,91.87,-1.65,96.3,87.23,84.38,-2.19
"ANTON.KHUDOBIN","2016-2017","BOS",16,684.03,308,29,90.58,91.88,-1.29,98.4,89.92,76.56,-3.98
"ANTON.KHUDOBIN","2017-2018","BOS",31,1398.72,647,49,92.43,91.83,0.6,98.31,91.82,80.15,3.89
"ANTON.KHUDOBIN","2018-2019","DAL",41,1816.65,960,65,93.23,92.59,0.64,98.17,92.67,79.76,6.12
"ANTTI.NIEMI","2009-2010","CHI",39,1710.78,693,57,91.77,91.82,-0.05,96.48,93.35,77.69,-0.34
"ANTTI.NIEMI","2010-2011","S.J",60,2812.2,1337,92,93.12,92.63,0.49,97.67,93.1,79.6,6.52
"ANTTI.NIEMI","2011-2012","S.J",68,3148.85,1485,106,92.86,92.56,0.3,98.08,92.12,79.54,4.48
"ANTTI.NIEMI","2012-2013","S.J",43,2034.67,941,65,93.09,92.94,0.16,98.57,92.18,77.71,1.46
"ANTTI.NIEMI","2013-2014","S.J",64,2931.93,1319,108,91.81,92.79,-0.98,97.88,91.59,74.78,-12.91
"ANTTI.NIEMI","2014-2015","S.J",61,2876.97,1402,111,92.08,92.35,-0.27,97.83,91.59,77.02,-3.73
"ANTTI.NIEMI","2015-2016","DAL",48,2094.01,961,74,92.3,92,0.3,97.82,92.73,79.81,2.84
"ANTTI.NIEMI","2016-2017","DAL",37,1376.7,668,61,90.87,92.15,-1.28,98.14,88.84,76.34,-8.53
"ANTTI.NIEMI","2017-2018","PIT/MTL/FLA",24,953.22,531,38,92.84,91.68,1.17,99.15,91.53,81.31,6.2
"ANTTI.NIEMI","2018-2019","MTL",17,800.32,422,42,90.05,92.68,-2.64,96.8,86.82,75.68,-11.13
"ANTTI.RAANTA","2013-2014","CHI",25,1093.58,452,48,89.38,92.1,-2.72,97.31,90.06,72.63,-12.31
"ANTTI.RAANTA","2014-2015","CHI",14,656,311,19,93.89,92.38,1.51,98.63,91.75,86.76,4.69
"ANTTI.RAANTA","2015-2016","NYR",25,961.02,429,31,92.77,91.47,1.31,98.93,94.7,80,5.6
"ANTTI.RAANTA","2016-2017","NYR",30,1289.15,627,41,93.46,92.19,1.27,98.25,94.39,81.25,7.94
"ANTTI.RAANTA","2017-2018","ARI",47,2081.48,1076,68,93.68,93.02,0.66,97.56,92.86,82.87,7.06
"ANTTI.RAANTA","2018-2019","ARI",12,538.63,274,19,93.07,91.36,1.7,98.26,92.55,84.62,4.66
"BEN.BISHOP","2010-2011","STL",7,301.67,134,14,89.55,92.69,-3.14,96.36,83.61,88.89,-4.21
"BEN.BISHOP","2011-2012","OTT",10,411.19,180,16,91.11,92.71,-1.59,97.85,87.04,78.79,-2.87
"BEN.BISHOP","2012-2013","OTT/T.B",22,1005,543,39,92.82,92.82,-0.01,97.37,91.71,82.29,-0.03
"BEN.BISHOP","2013-2014","T.B",63,2759.41,1314,88,93.3,92.76,0.54,97.72,91.61,84.75,7.09
"BEN.BISHOP","2014-2015","T.B",62,2686.51,1158,92,92.06,92.8,-0.75,98.36,92.49,73.33,-8.64
"BEN.BISHOP","2015-2016","T.B",61,2815.22,1284,91,92.91,93.06,-0.14,98.12,91.84,78.92,-1.84
"BEN.BISHOP","2016-2017","T.B/L.A",39,1738.82,809,61,92.46,92.24,0.22,98.1,90.97,81.58,1.75
"BEN.BISHOP","2017-2018","DAL",53,2268.38,1087,83,92.36,92.54,-0.18,97,89.04,85.64,-1.94
"BEN.BISHOP","2018-2019","DAL",46,2142.05,1076,67,93.77,92.08,1.69,97.6,92.83,85.45,18.21
"BEN.SCRIVENS","2011-2012","TOR",12,543.6,283,26,90.81,91.73,-0.92,97.54,88.46,80.7,-2.61
"BEN.SCRIVENS","2012-2013","TOR",20,807,440,35,92.05,93.08,-1.04,96.9,92.59,77.22,-4.57
"BEN.SCRIVENS","2013-2014","L.A/EDM",39,1726.66,923,63,93.17,92.37,0.8,98.13,94.01,79.78,7.42
"BEN.SCRIVENS","2014-2015","EDM",57,2641.85,1259,127,89.91,92.13,-2.21,96.1,90.87,73.25,-27.88
"BEN.SCRIVENS","2015-2016","MTL",15,637.3,345,25,92.75,92.38,0.38,99.42,94,75.68,1.3
"BRADEN.HOLTBY","2010-2011","WSH",14,565.82,249,18,92.77,92.78,0,97.27,93.07,78.95,-0.01
"BRADEN.HOLTBY","2011-2012","WSH",7,293.34,151,11,92.72,92.18,0.54,97.33,95.24,79.41,0.81
"BRADEN.HOLTBY","2012-2013","WSH",36,1646.24,868,60,93.09,92.78,0.31,97.33,92.34,82.17,2.67
"BRADEN.HOLTBY","2013-2014","WSH",48,2075.58,1106,77,93.04,92.69,0.35,97.71,93.47,80,3.87
"BRADEN.HOLTBY","2014-2015","WSH",73,3326.22,1513,106,92.99,92.73,0.27,97.02,92.14,83.03,4.06
"BRADEN.HOLTBY","2015-2016","WSH",66,3063.75,1401,97,93.08,92.52,0.55,97.97,93.17,80.59,7.75
"BRADEN.HOLTBY","2016-2017","WSH",63,2920.83,1354,86,93.65,92.45,1.2,99.22,92.81,81.32,16.2
"BRADEN.HOLTBY","2017-2018","WSH",54,2441.16,1293,107,91.72,91.94,-0.21,98.8,90.99,76.68,-2.72
"BRADEN.HOLTBY","2018-2019","WSH",58,2669.35,1406,110,92.18,91.58,0.6,98.71,90.97,80.84,8.41
"BRAD.THIESSEN","2011-2012","PIT",5,205.75,80,9,88.75,93.39,-4.64,100,85.71,54.55,-3.71
"BRENT.JOHNSON","2007-2008","WSH",19,759.79,347,31,91.07,91.95,-0.88,97.66,91.81,70.83,-3.06
"BRENT.JOHNSON","2008-2009","WSH",21,843.43,405,30,92.59,92.33,0.26,95.14,92.06,87.23,1.07
"BRENT.JOHNSON","2009-2010","PIT",23,809.88,405,36,91.11,92.51,-1.4,96.51,94.15,67.74,-5.67
"BRENT.JOHNSON","2010-2011","PIT",23,970.32,453,33,92.72,92.77,-0.06,97.93,90.1,84.48,-0.25
"BRENT.JOHNSON","2011-2012","PIT",16,640.07,283,32,88.69,91.63,-2.94,96.06,91.21,70.77,-8.31
"BRIAN.BOUCHER","2008-2009","S.J",22,957.36,394,28,92.89,92.44,0.45,97.53,90.45,87.04,1.77
"BRIAN.BOUCHER","2009-2010","PHI",33,1328.81,620,54,91.29,92,-0.71,99.23,90.31,73.53,-4.38
"BRIAN.BOUCHER","2010-2011","PHI",34,1418.45,696,53,92.39,92.61,-0.22,97.1,91.52,80.58,-1.54
"BRIAN.BOUCHER","2011-2012","CAR",10,416.57,195,17,91.28,91.66,-0.38,100,87.14,81.82,-0.74
"BRIAN.ELLIOTT","2008-2009","OTT",31,1241.51,586,46,92.15,92.53,-0.38,98.33,89.89,80,-2.23
"BRIAN.ELLIOTT","2009-2010","OTT",55,2332.1,1017,99,90.27,92.29,-2.03,95.38,89.83,77.08,-20.63
"BRIAN.ELLIOTT","2010-2011","OTT/COL",55,2353.8,1154,115,90.03,92.41,-2.37,97.38,90.09,70.98,-27.39
"BRIAN.ELLIOTT","2011-2012","STL",38,1719.89,747,44,94.11,92.72,1.39,98.2,94.77,81.75,10.38
"BRIAN.ELLIOTT","2012-2013","STL",24,997.37,397,30,92.44,92.66,-0.22,97.92,94.12,73.91,-0.86
"BRIAN.ELLIOTT","2013-2014","STL",31,1288.45,534,40,92.51,92.81,-0.3,96.53,92.97,80,-1.59
"BRIAN.ELLIOTT","2014-2015","STL",46,2015.78,903,67,92.58,92.98,-0.4,97.68,90.99,81.33,-3.59
"BRIAN.ELLIOTT","2015-2016","STL",42,1747.3,811,51,93.71,92.2,1.51,98.08,93.73,83.75,12.27
"BRIAN.ELLIOTT","2016-2017","CGY",49,2223.72,1009,79,92.17,92.08,0.09,97.86,92.84,78.26,0.93
"BRIAN.ELLIOTT","2017-2018","PHI",43,2006.6,943,65,93.11,92.51,0.6,98.26,91.4,82.35,5.67
"BRIAN.ELLIOTT","2018-2019","PHI",25,1043.08,554,43,92.24,91.81,0.43,96.96,90,84.68,2.4
"CALVIN.PETERSEN","2018-2019","L.A",11,512.9,271,13,95.2,92.86,2.34,98.63,92.41,89.13,6.34
"CALVIN.PICKARD","2014-2015","COL",16,692.97,400,20,95,92.5,2.5,98.49,94.96,86.59,10
"CALVIN.PICKARD","2015-2016","COL",20,760.47,416,30,92.79,91.95,0.83,98.41,92.31,80.95,3.47
"CALVIN.PICKARD","2016-2017","COL",50,2250.36,1177,103,91.25,92.84,-1.59,97.57,89.89,74.51,-18.71
"CALVIN.PICKARD","2018-2019","PHI/ARI",17,608.73,305,32,89.51,91.27,-1.76,96.32,92.08,72.06,-5.37
"CAM.TALBOT","2013-2014","NYR",21,962.63,433,25,94.23,92.63,1.59,98.19,94.16,82.67,6.9
"CAM.TALBOT","2014-2015","NYR",36,1688.75,876,61,93.04,91.53,1.51,97.96,93.75,83.02,13.23
"CAM.TALBOT","2015-2016","EDM",56,2542,1268,101,92.03,92.65,-0.61,97.1,91.78,79.65,-7.78
"CAM.TALBOT","2016-2017","EDM",73,3450.38,1667,118,92.92,91.51,1.42,97.95,94.85,80.11,23.59
"CAM.TALBOT","2017-2018","EDM",67,3047.69,1661,139,91.63,91.71,-0.08,98.24,90.29,79.77,-1.37
"CAM.TALBOT","2018-2019","EDM/PHI",35,1556.12,816,73,91.05,91.53,-0.47,96.83,92.47,74.68,-3.86
"CAM.WARD","2007-2008","CAR",66,2675.46,1280,110,91.41,91.63,-0.22,97.16,93.06,74.65,-2.83
"CAM.WARD","2008-2009","CAR",68,2919.2,1388,104,92.51,92.05,0.46,97.76,91.61,82.27,6.32
"CAM.WARD","2009-2010","CAR",46,1935.44,993,72,92.75,91.97,0.77,97.67,94.48,78.77,7.69
"CAM.WARD","2010-2011","CAR",74,3228.24,1784,127,92.88,92.25,0.63,98.73,93.2,78.78,11.19
"CAM.WARD","2011-2012","CAR",68,3130.08,1682,131,92.21,92.1,0.11,97.8,93.18,77.88,1.81
"CAM.WARD","2012-2013","CAR",17,703.37,353,29,91.78,92.31,-0.53,95.71,93.28,80.28,-1.87
"CAM.WARD","2013-2014","CAR",30,1295.83,647,55,91.5,92.25,-0.75,97.98,90.91,77.69,-4.88
"CAM.WARD","2014-2015","CAR",51,2438.11,1083,93,91.41,92.41,-1,98.03,91.04,76.71,-10.79
"CAM.WARD","2015-2016","CAR",52,2486.81,1088,90,91.73,92.4,-0.68,96.52,92.67,79.36,-7.36
"CAM.WARD","2016-2017","CAR",61,2951.35,1423,126,91.15,92.06,-0.91,97.71,91.85,74.46,-12.96
"CAM.WARD","2017-2018","CAR",43,2038.63,987,81,91.79,92.2,-0.4,97.32,90.26,80.41,-3.99
"CAM.WARD","2018-2019","CHI",33,1544.23,888,72,91.89,91.16,0.73,98.32,92.26,80.91,6.47
"CAREY.PRICE","2007-2008","MTL",37,1534.15,783,57,92.72,92.35,0.37,98.32,90.45,85.19,2.92
"CAREY.PRICE","2008-2009","MTL",52,2157.2,1088,86,92.1,92.4,-0.31,97.15,92.97,75.48,-3.35
"CAREY.PRICE","2009-2010","MTL",41,1804.15,916,73,92.03,92.48,-0.45,97.34,93.08,71.9,-4.12
"CAREY.PRICE","2010-2011","MTL",72,3217.1,1591,111,93.02,92.24,0.79,98.18,93.67,78.65,12.54
"CAREY.PRICE","2011-2012","MTL",65,2987.83,1465,115,92.15,92.6,-0.45,98.32,91.23,78.64,-6.52
"CAREY.PRICE","2012-2013","MTL",39,1720.07,776,61,92.14,92.75,-0.61,97.41,92.13,77.21,-4.72
"CAREY.PRICE","2013-2014","MTL",59,2685.5,1406,92,93.46,92.8,0.66,98.72,90.99,83.52,9.28
"CAREY.PRICE","2014-2015","MTL",66,3167.46,1536,88,94.27,92.67,1.6,98.65,93.12,84.86,24.58
"CAREY.PRICE","2015-2016","MTL",12,547.86,280,17,93.93,92.9,1.03,98.57,92.71,81.82,2.89
"CAREY.PRICE","2016-2017","MTL",62,2991.7,1405,90,93.59,92.53,1.06,97.29,91.38,87.68,14.9
"CAREY.PRICE","2017-2018","MTL",49,2281.25,1150,100,91.3,92.85,-1.55,97.64,89.54,74.59,-17.77
"CAREY.PRICE","2018-2019","MTL",65,3076.67,1515,114,92.48,92.42,0.05,98.67,90.51,78.57,0.77
"CARTER.HART","2018-2019","PHI",31,1390.92,796,66,91.71,92.32,-0.61,97.96,88.28,81.08,-4.88
"CARTER.HUTTON","2013-2014","NSH",40,1683.37,811,67,91.74,93.35,-1.61,98.01,91.53,69.91,-13.03
"CARTER.HUTTON","2014-2015","NSH",18,787.53,340,32,90.59,92.99,-2.4,98.08,87.6,76.36,-8.17
"CARTER.HUTTON","2015-2016","NSH",17,769.6,359,26,92.76,93.01,-0.25,98.4,89.62,81.54,-0.91
"CARTER.HUTTON","2016-2017","STL",30,1149.06,507,40,92.11,92.48,-0.37,97.84,92.05,78.79,-1.86
"CARTER.HUTTON","2017-2018","STL",32,1318.87,620,37,94.03,92.51,1.52,98.29,95.56,78.43,9.43
"CARTER.HUTTON","2018-2019","BUF",50,2294.33,1240,108,91.29,92.4,-1.11,97.57,89.31,77.83,-13.73
"CASEY.DESMITH","2017-2018","PIT",14,559.25,267,18,93.26,91.62,1.64,98.32,95.29,80.95,4.37
"CASEY.DESMITH","2018-2019","PIT",36,1581.08,840,60,92.86,91.99,0.87,97.54,92.13,82.63,7.32
"CHAD.JOHNSON","2009-2010","NYR",5,206.75,104,9,91.35,92.76,-1.41,95,91.49,82.35,-1.47
"CHAD.JOHNSON","2013-2014","BOS",27,1183.48,531,35,93.41,91.99,1.42,98.32,95.43,80.51,7.52
"CHAD.JOHNSON","2014-2015","NYI",19,833.38,401,40,90.02,92.32,-2.3,95.48,92.16,71.83,-9.22
"CHAD.JOHNSON","2015-2016","BUF",45,2069.6,990,73,92.63,92.76,-0.13,98,92.21,77.38,-1.33
"CHAD.JOHNSON","2016-2017","CGY",36,1566.7,747,63,91.57,91.9,-0.34,98.46,91.19,78.26,-2.53
"CHAD.JOHNSON","2017-2018","BUF",36,1424.18,766,74,90.34,92.05,-1.71,98.41,89.26,71.43,-13.08
"CHAD.JOHNSON","2018-2019","STL/ANA",19,654.78,320,38,88.12,91.55,-3.42,97.08,86.67,71.43,-10.95
"CHARLIE.LINDGREN","2017-2018","MTL",14,675.47,354,26,92.66,91.81,0.84,99.4,91.74,79.49,2.98
"CHRIS.GIBSON","2017-2018","NYI",8,345,219,19,91.32,92.38,-1.06,98.06,88.89,77.14,-2.32
"CHRIS.MASON","2007-2008","NSH",50,1866.45,887,81,90.87,92.46,-1.6,97.2,90.27,75.44,-14.16
"CHRIS.MASON","2008-2009","STL",57,2353.73,1085,76,93,92.75,0.25,98.38,91.91,79.85,2.7
"CHRIS.MASON","2009-2010","STL",61,2598.47,1221,99,91.89,92.39,-0.5,97.53,91.47,79.21,-6.08
"CHRIS.MASON","2010-2011","ATL",33,1275.78,682,68,90.03,91.55,-1.52,96.43,91.58,74.44,-10.37
"CHRIS.MASON","2011-2012","WPG",20,782.05,313,32,89.78,91.57,-1.8,96.3,92.16,75,-5.62
"CHRIS.MASON","2012-2013","NSH",11,367.08,179,22,87.71,91.32,-3.61,97.1,91.3,65.85,-6.47
"CHRIS.OSGOOD","2007-2008","DET",42,1694.16,674,55,91.84,92.04,-0.2,96.67,91.2,81.72,-1.33
"CHRIS.OSGOOD","2008-2009","DET",46,1992.38,875,82,90.63,91.68,-1.05,97.34,91.44,73.94,-9.23
"CHRIS.OSGOOD","2009-2010","DET",23,958.7,438,44,89.95,92.29,-2.34,95.15,90.24,76.47,-10.25
"CHRIS.OSGOOD","2010-2011","DET",11,468.05,211,19,91,93.23,-2.24,94.62,89.36,83.33,-4.72
"COLLIN.DELIA","2018-2019","CHI",15,620.07,410,31,92.44,91.41,1.03,96.2,95.04,80,4.22
"CONNOR.HELLEBUYCK","2015-2016","WPG",26,1125.43,523,31,94.07,92.01,2.06,99.19,94.86,80.39,10.78
"CONNOR.HELLEBUYCK","2016-2017","WPG",55,2364.16,1201,99,91.76,92.45,-0.69,97.43,92,76.15,-8.29
"CONNOR.HELLEBUYCK","2017-2018","WPG",67,3123.48,1500,104,93.07,92.92,0.14,97.73,91.44,80.18,2.16
"CONNOR.HELLEBUYCK","2018-2019","WPG",63,2973.22,1598,128,91.99,92.42,-0.43,97.56,90.44,78.18,-6.91
"COREY.CRAWFORD","2010-2011","CHI",57,2678.89,1215,88,92.76,92.33,0.42,97.42,93.64,79.33,5.15
"COREY.CRAWFORD","2011-2012","CHI",57,2518.45,1176,99,91.58,92.14,-0.55,98.21,92.92,76,-6.51
"COREY.CRAWFORD","2012-2013","CHI",30,1356.78,584,40,93.15,91.97,1.18,98.44,93.72,80.83,6.88
"COREY.CRAWFORD","2013-2014","CHI",59,2736.87,1216,90,92.6,92.42,0.18,97.54,91.51,82.14,2.13
"COREY.CRAWFORD","2014-2015","CHI",57,2660.15,1343,92,93.15,91.91,1.24,98.68,94.85,77.78,16.68
"COREY.CRAWFORD","2015-2016","CHI",58,2669.38,1331,89,93.31,91.96,1.35,97.67,93.41,82.44,18
"COREY.CRAWFORD","2016-2017","CHI",55,2636.63,1316,91,93.09,92.1,0.99,97.8,93.64,81.78,12.97
"COREY.CRAWFORD","2017-2018","CHI",28,1221.77,650,43,93.38,91.86,1.52,97.92,92.07,85.93,9.9
"COREY.CRAWFORD","2018-2019","CHI",38,1766.95,923,78,91.55,91.43,0.12,97.25,89.78,83,1.11
"CORY.SCHNEIDER","2008-2009","VAN",8,258.2,116,12,89.66,92.14,-2.48,97.73,88.68,73.68,-2.88
"CORY.SCHNEIDER","2010-2011","VAN",25,1059.17,501,34,93.21,91.49,1.73,97.86,92.27,86.17,8.65
"CORY.SCHNEIDER","2011-2012","VAN",33,1406.41,713,47,93.41,92.15,1.26,97.76,93.75,83.45,8.95
"CORY.SCHNEIDER","2012-2013","VAN",30,1326.08,631,45,92.87,92.21,0.65,98.3,92.39,82.14,4.13
"CORY.SCHNEIDER","2013-2014","N.J",45,2116.73,828,64,92.27,92.34,-0.07,97.67,94.81,76.16,-0.54
"CORY.SCHNEIDER","2014-2015","N.J",69,3159.98,1509,100,93.37,92.56,0.81,97.22,93.84,83.39,12.27
"CORY.SCHNEIDER","2015-2016","N.J",58,2659.45,1179,82,93.04,92.24,0.81,97.9,91.97,83.33,9.53
"CORY.SCHNEIDER","2016-2017","N.J",60,2781.25,1393,109,92.18,92.37,-0.19,98.06,90.93,80.83,-2.67
"CORY.SCHNEIDER","2017-2018","N.J",40,1805.82,916,78,91.48,91.76,-0.27,96.56,91.52,79.89,-2.51
"CORY.SCHNEIDER","2018-2019","N.J",26,1082.28,570,51,91.05,92.13,-1.08,97.68,90.69,75.7,-6.15
"CRAIG.ANDERSON","2007-2008","FLA",16,649.9,363,16,95.59,92.34,3.25,99.21,95.63,86.79,11.81
"CRAIG.ANDERSON","2008-2009","FLA",31,1208.24,713,52,92.71,92.17,0.54,97.18,93.88,76.47,3.85
"CRAIG.ANDERSON","2009-2010","COL",71,3236.2,1665,126,92.43,92.55,-0.11,98.23,92.33,74.79,-1.9
"CRAIG.ANDERSON","2010-2011","COL/OTT",51,2222.45,1168,92,92.12,92.91,-0.78,98.43,92.15,71.88,-9.15
"CRAIG.ANDERSON","2011-2012","OTT",63,2719.23,1428,112,92.16,92.14,0.01,97.8,92.39,78.25,0.19
"CRAIG.ANDERSON","2012-2013","OTT",24,1070.45,486,29,94.03,92.81,1.22,99.21,95.07,78.26,5.95
"CRAIG.ANDERSON","2013-2014","OTT",53,2311.04,1261,95,92.47,92.27,0.2,97.87,94.46,75,2.53
"CRAIG.ANDERSON","2014-2015","OTT",35,1598.7,858,54,93.71,93.18,0.53,98.16,92.83,80.77,4.51
"CRAIG.ANDERSON","2015-2016","OTT",60,2774.12,1499,111,92.6,92.92,-0.33,98.54,91.75,77.19,-4.9
"CRAIG.ANDERSON","2016-2017","OTT",40,1937.1,991,60,93.95,92.76,1.18,98.21,92.14,84.62,11.73
"CRAIG.ANDERSON","2017-2018","OTT",58,2587.2,1386,136,90.19,91.89,-1.7,96.36,90.51,74.73,-23.6
"CRAIG.ANDERSON","2018-2019","OTT",50,2278.98,1347,125,90.72,91.61,-0.89,96.87,88.95,79.12,-11.98
"CRISTOBAL.HUET","2007-2008","MTL/WSH",51,2120.7,1029,70,93.2,92.15,1.05,98.15,93.55,78.42,10.79
"CRISTOBAL.HUET","2008-2009","CHI",41,1734.87,748,63,91.58,91.96,-0.38,98.56,91.74,77.62,-2.86
"CRISTOBAL.HUET","2009-2010","CHI",48,2123.33,831,88,89.41,91.95,-2.54,96.47,89.43,72.52,-21.13
"CRISTOPHER.NILSTORP","2012-2013","DAL",5,212.92,105,9,91.43,93.3,-1.88,96.61,88.89,78.95,-1.97
"CURTIS.JOSEPH","2007-2008","CGY",9,298.7,132,11,91.67,92.45,-0.79,100,90.77,73.68,-1.04
"CURTIS.JOSEPH","2008-2009","TOR",20,640.47,300,33,89,91.3,-2.3,97.03,88.74,72.92,-6.9
"CURTIS.MCELHINNEY","2008-2009","CGY",13,331.27,160,15,90.62,92.51,-1.89,97.18,88.06,77.27,-3.02
"CURTIS.MCELHINNEY","2009-2010","CGY/ANA",20,770.35,368,35,90.49,92.38,-1.89,99.26,88.27,75.93,-6.95
"CURTIS.MCELHINNEY","2010-2011","ANA/OTT",28,1096.1,534,53,90.07,91.56,-1.49,98.97,89.92,71.74,-7.93
"CURTIS.MCELHINNEY","2013-2014","CBJ",28,1113.24,522,45,91.38,93.49,-2.11,96.22,92.21,71.43,-11.04
"CURTIS.MCELHINNEY","2014-2015","CBJ",32,1342.99,734,63,91.42,92,-0.58,98.57,90.6,76.16,-4.29
"CURTIS.MCELHINNEY","2015-2016","CBJ",18,649.4,306,33,89.22,91.89,-2.68,98.58,85.56,76,-8.19
"CURTIS.MCELHINNEY","2016-2017","CBJ/TOR",21,914.45,480,35,92.71,92.26,0.45,95.63,93.08,84.78,2.17
"CURTIS.MCELHINNEY","2017-2018","TOR",18,798.23,399,20,94.99,92.74,2.25,98.43,92.2,91.04,8.97
"CURTIS.MCELHINNEY","2018-2019","CAR",32,1554.03,755,61,91.92,91.47,0.45,98.49,92.25,78.31,3.41
"CURTIS.SANFORD","2007-2008","VAN",16,516.45,236,22,90.68,92.79,-2.11,95.79,91.07,72.41,-4.98
"CURTIS.SANFORD","2008-2009","VAN",19,707.94,332,26,92.17,92.69,-0.52,99.17,89.14,83.78,-1.73
"CURTIS.SANFORD","2011-2012","CBJ",36,1510.36,739,56,92.42,92.84,-0.42,96.47,95.51,74.6,-3.07
"DAN.CLOUTIER","2007-2008","L.A",9,390.07,192,21,89.06,92.64,-3.58,97.14,87.76,70.83,-6.87
"DAN.ELLIS","2007-2008","NSH",44,1623.15,847,59,93.03,92.7,0.34,98.56,91.77,78.79,2.87
"DAN.ELLIS","2008-2009","NSH",35,1383.67,696,57,91.81,91.93,-0.12,98.93,91.83,73.64,-0.83
"DAN.ELLIS","2009-2010","NSH",31,1370.37,668,55,91.77,91.79,-0.02,98.87,90.85,76.85,-0.15
"DAN.ELLIS","2010-2011","T.B/ANA",44,1811.01,787,73,90.72,92.83,-2.1,97.35,89.35,74.31,-16.54
"DAN.ELLIS","2011-2012","ANA",10,321.45,150,12,92,92.71,-0.71,97.37,85.42,88.46,-1.06
"DAN.ELLIS","2012-2013","CAR",19,793.59,429,33,92.31,91.5,0.81,98.86,94.48,75.82,3.48
"DAN.ELLIS","2013-2014","DAL/FLA",20,804.6,388,47,87.89,91.16,-3.28,95.73,88.55,73.12,-12.71
"DAN.ELLIS","2014-2015","FLA",8,381.62,175,15,91.43,92.73,-1.3,95.35,91.67,79.31,-2.28
"DANY.SABOURIN","2007-2008","PIT",24,846.8,409,35,91.44,92.5,-1.06,96.49,90.66,78.57,-4.34
"DANY.SABOURIN","2008-2009","PIT",19,737.02,325,30,90.77,91.7,-0.93,99.18,94.37,65.57,-3.02
"DARCY.KUEMPER","2012-2013","MIN",6,242.92,103,9,91.26,91.77,-0.5,95.45,92.11,80.95,-0.52
"DARCY.KUEMPER","2013-2014","MIN",26,1171.93,560,38,93.21,93.67,-0.46,98.44,87.93,81.54,-2.58
"DARCY.KUEMPER","2014-2015","MIN",31,1216.45,577,53,90.81,93.17,-2.36,96.61,87.1,80.21,-13.61
"DARCY.KUEMPER","2015-2016","MIN",21,854.22,401,32,92.02,92.16,-0.14,97.4,90.62,81.48,-0.55
"DARCY.KUEMPER","2016-2017","MIN",18,876.74,476,43,90.97,92.68,-1.72,96.9,87.02,79.31,-8.17
"DARCY.KUEMPER","2017-2018","L.A/ARI",29,1294.45,643,44,93.16,92.26,0.9,97.41,94.17,81.25,5.78
"DARCY.KUEMPER","2018-2019","ARI",54,2559.22,1305,96,92.64,92.7,-0.05,97.3,90.3,82.25,-0.67
"DAVID.RITTICH","2017-2018","CGY",20,793.95,390,34,91.28,92.57,-1.29,97.03,90.98,74.24,-5.02
"DAVID.RITTICH","2018-2019","CGY",44,1936.87,936,66,92.95,92.1,0.85,96.43,92.6,84.75,7.99
"DEVAN.DUBNYK","2009-2010","EDM",19,828.52,434,40,90.78,92.49,-1.71,98.72,88.18,79.31,-7.42
"DEVAN.DUBNYK","2010-2011","EDM",35,1575.33,812,64,92.12,92.06,0.06,99.65,90.75,80,0.51
"DEVAN.DUBNYK","2011-2012","EDM",47,2105.87,1085,81,92.53,91.94,0.59,97.66,93.51,80.35,6.41
"DEVAN.DUBNYK","2012-2013","EDM",38,1625.55,861,66,92.33,91.92,0.42,97.35,92.98,80.61,3.58
"DEVAN.DUBNYK","2013-2014","EDM/NSH",34,1394.2,723,71,90.18,92.23,-2.05,96.24,89.96,76.3,-14.8
"DEVAN.DUBNYK","2014-2015","ARI/MIN",58,2677.48,1237,78,93.69,93.14,0.56,98.43,90.84,84.34,6.89
"DEVAN.DUBNYK","2015-2016","MIN",67,3060.7,1412,95,93.27,93.03,0.25,97.99,93.41,78.42,3.48
"DEVAN.DUBNYK","2016-2017","MIN",65,3078.65,1473,102,93.08,93.72,-0.65,97.7,90.29,80,-9.56
"DEVAN.DUBNYK","2017-2018","MIN",60,2810.25,1407,98,93.03,93.57,-0.54,96.75,91.67,80.11,-7.55
"DEVAN.DUBNYK","2018-2019","MIN",67,3113.48,1456,119,91.83,93.14,-1.31,97.24,89.09,77.73,-19.14
"DOMINIK.HASEK","2007-2008","DET",41,1688.6,602,42,93.02,92.61,0.41,97.88,93.06,78.21,2.46
"DUSTIN.TOKARSKI","2011-2012","T.B",5,203.92,99,9,90.91,92.81,-1.9,100,87.23,80,-1.88
"DUSTIN.TOKARSKI","2014-2015","MTL",17,765.37,379,33,91.29,91.85,-0.55,97.65,92.54,74.67,-2.1
"DWAYNE.ROLOSON","2007-2008","EDM",43,1713.93,861,78,90.94,91.87,-0.93,97.82,89.95,75,-8.04
"DWAYNE.ROLOSON","2008-2009","EDM",63,2624.09,1407,101,92.82,92.33,0.49,98.88,92.57,76.34,6.93
"DWAYNE.ROLOSON","2009-2010","NYI",50,2154.83,1134,97,91.45,91.73,-0.28,96.82,90.99,81.25,-3.22
"DWAYNE.ROLOSON","2010-2011","NYI/T.B",54,2443.66,1206,92,92.37,92.66,-0.28,97.66,92.05,76.97,-3.42
"DWAYNE.ROLOSON","2011-2012","T.B",40,1631.6,812,83,89.78,91.99,-2.21,97.69,89.27,72.3,-17.98
"EDDIE.LACK","2013-2014","VAN",41,1803.75,827,62,92.5,92.39,0.11,96.78,94.05,78.57,0.94
"EDDIE.LACK","2014-2015","VAN",41,1821.45,906,72,92.05,91.51,0.54,97.46,96.14,75.25,4.92
"EDDIE.LACK","2015-2016","CAR",34,1550.18,763,69,90.96,91.61,-0.65,98.38,88.73,81.18,-4.99
"EDDIE.LACK","2016-2017","CAR",20,899.45,415,33,92.05,92.03,0.02,97.93,91.27,81.25,0.09
"EDDIE.LACK","2017-2018","CGY/N.J",8,271.81,125,12,90.4,92.4,-2,94.74,91.3,77.27,-2.5
"ERIK.ERSBERG","2007-2008","L.A",14,603.77,331,16,95.17,93.2,1.97,98.56,96.03,80.49,6.52
"ERIK.ERSBERG","2008-2009","L.A",28,1066.58,470,41,91.28,92.47,-1.19,97.4,90.91,72.41,-5.6
"ERIK.ERSBERG","2009-2010","L.A",11,398.4,159,13,91.82,92.57,-0.75,95.45,92.86,78.26,-1.19
"EVGENI.NABOKOV","2007-2008","S.J",76,3232.62,1238,103,91.68,92.25,-0.57,98.62,90.62,74.25,-7.02
"EVGENI.NABOKOV","2008-2009","S.J",62,2783.37,1216,94,92.27,92.3,-0.03,98.36,91.89,76.16,-0.39
"EVGENI.NABOKOV","2009-2010","S.J",71,3140.32,1578,110,93.03,92.45,0.58,98.34,93.37,75,9.15
"EVGENI.NABOKOV","2011-2012","NYI",42,1942.25,935,77,91.76,91.89,-0.13,97.12,93.06,78.61,-1.18
"EVGENI.NABOKOV","2012-2013","NYI",41,1998.08,905,76,91.6,91.53,0.08,97.49,92.28,80.48,0.69
"EVGENI.NABOKOV","2013-2014","NYI",40,1763.45,847,72,91.5,90.78,0.72,99.08,91.86,80.18,6.06
"EVGENI.NABOKOV","2014-2015","T.B",11,441.75,182,19,89.56,92.38,-2.82,94.81,89.86,77.78,-5.14
"FREDERIK.ANDERSEN","2013-2014","ANA",28,1214.62,619,43,93.05,92.19,0.86,98.9,95.61,74.79,5.33
"FREDERIK.ANDERSEN","2014-2015","ANA",54,2399.92,1088,89,91.82,92.16,-0.34,96.93,92.74,79.39,-3.73
"FREDERIK.ANDERSEN","2015-2016","ANA",43,1787.92,824,58,92.96,92.29,0.68,97.4,94.2,80.49,5.57
"FREDERIK.ANDERSEN","2016-2017","TOR",66,3046.62,1613,118,92.68,92.1,0.58,98.51,90.73,82.43,9.4
"FREDERIK.ANDERSEN","2017-2018","TOR",66,3167.66,1777,135,92.4,91.83,0.58,97.28,93.43,79.01,10.26
"FREDERIK.ANDERSEN","2018-2019","TOR",60,2870.03,1582,112,92.92,92.3,0.62,98.43,91.99,79.57,9.88
"FREDRIK.NORRENA","2007-2008","CBJ",37,1387.9,585,55,90.6,92.35,-1.75,96.9,89.93,76.92,-10.22
"FREDRIK.NORRENA","2008-2009","CBJ",8,232.81,92,8,91.3,93.52,-2.22,97.83,94.74,37.5,-2.04
"GARRET.SPARKS","2015-2016","TOR",17,767.73,365,37,89.86,92.08,-2.22,97.86,89.52,69.86,-8.11
"GARRET.SPARKS","2018-2019","TOR",20,942.92,512,45,91.21,92.33,-1.12,96.97,89.01,81.11,-5.72
"HANNU.TOIVONEN","2007-2008","STL",23,867.3,402,49,87.81,91.5,-3.69,95.52,85.86,78.57,-14.83
"HARRI.SATERI","2017-2018","FLA",9,384.95,201,16,92.04,92.03,0,97.85,96.97,71.43,0.01
"HENRIK.KARLSSON","2010-2011","CGY",17,641.8,297,26,91.25,92.53,-1.29,99.29,90,69.57,-3.82
"HENRIK.KARLSSON","2011-2012","CGY",9,359.45,168,14,91.67,91.15,0.51,92.31,100,81.4,0.86
"HENRIK.LUNDQVIST","2007-2008","NYR",70,3024.15,1234,90,92.71,91.15,1.55,97.71,93.1,84.55,19.15
"HENRIK.LUNDQVIST","2008-2009","NYR",70,3029.62,1451,113,92.21,91.51,0.7,98.35,94.06,76.9,10.16
"HENRIK.LUNDQVIST","2009-2010","NYR",73,3192.53,1594,110,93.1,91.49,1.61,98.03,93.83,83.69,25.7
"HENRIK.LUNDQVIST","2010-2011","NYR",68,3087.2,1510,107,92.91,91.86,1.05,98.01,93.81,81.29,15.93
"HENRIK.LUNDQVIST","2011-2012","NYR",62,2934.98,1379,93,93.26,91.87,1.39,98.84,92.31,83.39,19.14
"HENRIK.LUNDQVIST","2012-2013","NYR",43,2046.2,908,58,93.61,91.81,1.8,98.51,93.31,84.39,16.36
"HENRIK.LUNDQVIST","2013-2014","NYR",63,2885.86,1401,101,92.79,91.71,1.08,98.83,92.34,82.08,15.09
"HENRIK.LUNDQVIST","2014-2015","NYR",46,2225.02,1071,75,93,91.92,1.08,98.59,94.29,78.76,11.59
"HENRIK.LUNDQVIST","2015-2016","NYR",65,3022.15,1534,97,93.68,92.05,1.63,99.12,94.05,81.93,24.96
"HENRIK.LUNDQVIST","2016-2017","NYR",57,2631.83,1337,110,91.77,91.66,0.11,97.43,92.6,78.72,1.45
"HENRIK.LUNDQVIST","2017-2018","NYR",63,2817.65,1638,129,92.12,91.99,0.14,97.75,90.74,81.57,2.24
"HENRIK.LUNDQVIST","2018-2019","NYR",52,2465.88,1309,102,92.21,91.95,0.26,97.36,92.09,79.84,3.36
"ILYA.BRYZGALOV","2007-2008","ANA/ARI",63,2605.27,1322,89,93.27,92.58,0.69,97.73,93.92,78.38,9.13
"ILYA.BRYZGALOV","2008-2009","ARI",64,2867.58,1488,122,91.8,92.99,-1.19,97.74,90.89,75.6,-17.72
"ILYA.BRYZGALOV","2009-2010","ARI",69,3041.41,1411,100,92.91,92.87,0.04,97.92,92.41,78.35,0.55
"ILYA.BRYZGALOV","2010-2011","ARI",68,3142,1572,105,93.32,92.63,0.69,98.26,93.21,80.61,10.89
"ILYA.BRYZGALOV","2011-2012","PHI",59,2568.69,1205,96,92.03,92.27,-0.24,97.67,92.42,77.23,-2.86
"ILYA.BRYZGALOV","2012-2013","PHI",40,1751.18,818,75,90.83,92.5,-1.67,98.37,89.3,75.5,-13.63
"ILYA.BRYZGALOV","2013-2014","EDM/MIN",32,1422.56,679,49,92.78,92.28,0.5,96.6,92.41,83.97,3.4
"ILYA.BRYZGALOV","2014-2015","ANA",8,275.71,122,14,88.52,92.3,-3.77,100,90.48,60,-4.6
"JACK.CAMPBELL","2018-2019","L.A",31,1273.13,677,45,93.35,92.45,0.9,98.83,92.59,79.17,6.11
"JACOB.MARKSTROM","2011-2012","FLA",7,312.46,168,13,92.26,92.86,-0.6,98.72,90.16,79.31,-1.01
"JACOB.MARKSTROM","2012-2013","FLA",23,1044.62,560,49,91.25,92.46,-1.21,95.64,92.59,76.04,-6.79
"JACOB.MARKSTROM","2013-2014","FLA/VAN",16,650.83,286,34,88.11,91.79,-3.67,97.41,90.65,66.67,-10.51
"JACOB.MARKSTROM","2015-2016","VAN",32,1471.38,754,61,91.91,91.96,-0.05,96.89,92.1,80.14,-0.37
"JACOB.MARKSTROM","2016-2017","VAN",25,1119.77,531,43,91.9,92.16,-0.25,97.39,93.4,76.92,-1.35
"JACOB.MARKSTROM","2017-2018","VAN",59,2690.89,1370,105,92.34,92.49,-0.16,97.43,91.77,79.76,-2.16
"JACOB.MARKSTROM","2018-2019","VAN",60,2858.28,1528,122,92.02,91.76,0.26,97.94,90.6,80.07,3.92
"JAKE.ALLEN","2012-2013","STL",15,631.05,277,26,90.61,91.56,-0.95,99.16,92.16,69.64,-2.62
"JAKE.ALLEN","2014-2015","STL",37,1638.32,702,56,92.02,92.08,-0.05,97.62,89.93,83.85,-0.38
"JAKE.ALLEN","2015-2016","STL",47,2057.52,953,68,92.86,92.83,0.04,98.42,91.2,81.55,0.36
"JAKE.ALLEN","2016-2017","STL",61,2747.67,1271,95,92.53,92.87,-0.34,97.56,91.84,79.53,-4.33
"JAKE.ALLEN","2017-2018","STL",59,2670.95,1301,100,92.31,92.51,-0.2,97.19,91.67,80.7,-2.57
"JAKE.ALLEN","2018-2019","STL",46,2025.08,999,84,91.59,92.48,-0.88,97.53,88.89,80.12,-8.83
"JAMES.REIMER","2010-2011","TOR",37,1591,883,59,93.32,93.13,0.19,97.4,92.47,82.03,1.66
"JAMES.REIMER","2011-2012","TOR",34,1480.26,764,62,91.88,92.48,-0.6,98.62,89.69,78.57,-4.55
"JAMES.REIMER","2012-2013","TOR",33,1459.95,806,60,92.56,92.48,0.08,98.27,90.69,80.52,0.61
"JAMES.REIMER","2013-2014","TOR",36,1416.7,857,65,92.42,92.86,-0.44,98.21,87.55,83.45,-3.77
"JAMES.REIMER","2014-2015","TOR",35,1399.3,802,70,91.27,91.59,-0.32,97.42,89.22,82.61,-2.54
"JAMES.REIMER","2015-2016","TOR/S.J",40,1786.83,889,53,94.04,93.07,0.97,97.05,93.53,85.61,8.59
"JAMES.REIMER","2016-2017","FLA",43,1839.12,982,66,93.28,92.48,0.8,98.4,93.08,79.35,7.88
"JAMES.REIMER","2017-2018","FLA",44,1919.95,1045,87,91.67,91.92,-0.25,97.73,90.7,79.13,-2.61
"JAMES.REIMER","2018-2019","FLA",36,1428.87,730,66,90.96,91.32,-0.36,97.57,91.9,75.32,-2.65
"JARED.COREAU","2016-2017","DET",14,568.35,279,27,90.32,92.35,-2.03,97.71,88,75,-5.65
"JARED.COREAU","2017-2018","DET",7,324.02,167,18,89.22,92.04,-2.81,97.59,84.31,75.76,-4.7
"JAROSLAV.HALAK","2007-2008","MTL",6,203.71,114,8,92.98,93.82,-0.83,96.43,89.13,91.67,-0.95
"JAROSLAV.HALAK","2008-2009","MTL",34,1422.18,811,61,92.48,92.13,0.34,97.34,93.16,79.23,2.79
"JAROSLAV.HALAK","2009-2010","MTL",45,2052.6,1059,69,93.48,92.21,1.28,98.59,93.9,79.89,13.53
"JAROSLAV.HALAK","2010-2011","STL",57,2585.6,1176,96,91.84,92.01,-0.18,97.28,92,80,-2.08
"JAROSLAV.HALAK","2011-2012","STL",46,2123.6,910,57,93.74,92.34,1.4,97.58,94.59,83.52,12.71
"JAROSLAV.HALAK","2012-2013","STL",16,641.11,220,20,90.91,91.99,-1.08,96.74,94.05,72.73,-2.37
"JAROSLAV.HALAK","2013-2014","STL/WSH",52,2260.14,1039,80,92.3,92.81,-0.51,97.59,90.48,80.49,-5.31
"JAROSLAV.HALAK","2014-2015","NYI",59,2841.7,1305,100,92.34,90.92,1.42,97.57,93.16,82.86,18.47
"JAROSLAV.HALAK","2015-2016","NYI",36,1708.58,805,63,92.17,91.42,0.75,98.38,93.51,79.89,6.04
"JAROSLAV.HALAK","2016-2017","NYI",28,1263.75,663,54,91.86,91.78,0.07,96.22,96.2,74.81,0.47
"JAROSLAV.HALAK","2017-2018","NYI",54,2404.71,1344,103,92.34,91.85,0.49,96.9,93.39,80.38,6.53
"JAROSLAV.HALAK","2018-2019","BOS",40,1836.18,885,56,93.67,91.83,1.84,97.78,93.02,85.47,16.3
"JASON.LABARBERA","2007-2008","L.A",45,1770.48,1010,86,91.49,91.6,-0.11,97.78,92.28,75.88,-1.14
"JASON.LABARBERA","2008-2009","L.A/VAN",27,1030.1,488,42,91.39,92.51,-1.12,97.98,90.75,73.02,-5.46
"JASON.LABARBERA","2009-2010","ARI",17,656.07,324,23,92.9,92.54,0.36,97.78,94.89,75,1.18
"JASON.LABARBERA","2010-2011","ARI",17,697.58,386,26,93.26,91.97,1.3,98.57,92.49,84.93,5
"JASON.LABARBERA","2011-2012","ARI",19,789.37,363,35,90.36,92.85,-2.5,96.3,90.65,73.13,-9.06
"JASON.LABARBERA","2012-2013","ARI",15,575.87,319,23,92.79,91.67,1.12,97.66,95.8,79.17,3.57
"JASON.LABARBERA","2013-2014","EDM",7,278.22,105,11,89.52,91.89,-2.36,93.62,91.89,76.19,-2.48
"JEAN-FRANCOIS.BERUBE","2015-2016","NYI",7,313.38,146,12,91.78,91.36,0.42,100,94.44,75.68,0.61
"JEAN-FRANCOIS.BERUBE","2016-2017","NYI",14,448.29,234,23,90.17,92.92,-2.75,96.15,88.54,76.47,-6.43
"JEAN-SEBASTIEN.GIGUERE","2007-2008","ANA",58,2284.08,1023,63,93.84,92.04,1.8,98.05,91.83,90.67,18.41
"JEAN-SEBASTIEN.GIGUERE","2008-2009","ANA",46,1791.97,880,74,91.59,92.52,-0.92,97.27,90.7,77.98,-8.14
"JEAN-SEBASTIEN.GIGUERE","2009-2010","ANA/TOR",35,1491.35,747,63,91.57,92.22,-0.66,97.45,90.73,80.34,-4.9
"JEAN-SEBASTIEN.GIGUERE","2010-2011","TOR",33,1248.65,611,55,91,92.1,-1.11,97.1,90.25,77.42,-6.76
"JEAN-SEBASTIEN.GIGUERE","2011-2012","COL",32,1447.92,677,51,92.47,92.65,-0.18,99.12,89.47,79.53,-1.24
"JEAN-SEBASTIEN.GIGUERE","2012-2013","COL",18,731.45,366,30,91.8,92.91,-1.11,96.45,93.38,75.41,-4.06
"JEAN-SEBASTIEN.GIGUERE","2013-2014","COL",22,966.62,470,37,92.13,92.44,-0.31,98.02,93.92,74.71,-1.45
"JEFF.DESLAURIERS","2009-2010","EDM",45,2024.95,1104,106,90.4,92.02,-1.62,96.7,90.99,73.49,-17.88
"JEFF.DROUIN-DESLAURIERS","2008-2009","EDM",10,415.88,221,20,90.95,92.44,-1.49,96.34,89.91,80,-3.3
"JEFF.GLASS","2017-2018","CHI",15,665.17,359,29,91.92,91.4,0.53,97.73,90.67,84.42,1.89
"JEFF.ZATKOFF","2013-2014","PIT",20,913.7,430,36,91.63,93.23,-1.61,98.16,89.47,73.77,-6.91
"JEFF.ZATKOFF","2015-2016","PIT",14,579.57,306,25,91.83,93.55,-1.72,97.01,95.83,62.79,-5.25
"JEFF.ZATKOFF","2016-2017","L.A",13,460.15,186,23,87.63,92.33,-4.7,98.81,87.5,63.16,-8.74
"JEREMY.SMITH","2016-2017","COL",10,471.06,243,24,90.12,91.79,-1.67,99.09,89.77,68.89,-4.05
"J-F.BERUBE","2017-2018","CHI",11,480.05,266,27,89.85,91.08,-1.23,97.66,89.33,74.6,-3.28
"JHONAS.ENROTH","2010-2011","BUF",14,619.44,290,23,92.07,92.41,-0.34,99.24,94.29,69.81,-1
"JHONAS.ENROTH","2011-2012","BUF",26,1094.96,576,42,92.71,92.67,0.04,98.22,92.51,78.7,0.21
"JHONAS.ENROTH","2012-2013","BUF",12,492.8,260,17,93.46,93.16,0.3,97.18,91.03,85,0.78
"JHONAS.ENROTH","2013-2014","BUF",28,1240.34,660,48,92.73,92.6,0.13,96.24,92.27,84.3,0.84
"JHONAS.ENROTH","2014-2015","BUF/DAL",50,2280.62,1189,100,91.59,92.12,-0.53,97.19,91.91,78.31,-6.36
"JHONAS.ENROTH","2015-2016","L.A",16,688.56,321,20,93.77,92.04,1.73,98.1,93.14,83.61,5.55
"JHONAS.ENROTH","2016-2017","TOR",5,216.13,116,17,85.34,90.48,-5.14,95.74,86.05,65.38,-5.96
"JIMMY.HOWARD","2009-2010","DET",63,2896.8,1416,106,92.51,92.45,0.06,96.92,93.68,75,0.89
"JIMMY.HOWARD","2010-2011","DET",63,2815.66,1427,122,91.45,92.45,-1,98.18,90.63,74.15,-14.27
"JIMMY.HOWARD","2011-2012","DET",57,2611.25,1136,79,93.05,92.37,0.68,98.45,92.6,81.58,7.67
"JIMMY.HOWARD","2012-2013","DET",42,1872.1,867,52,94,92.34,1.67,99,94.68,82.07,14.45
"JIMMY.HOWARD","2013-2014","DET",51,2314.93,1126,84,92.54,92.41,0.13,97.38,92.41,80.48,1.41
"JIMMY.HOWARD","2014-2015","DET",53,2289.86,1022,80,92.17,92.41,-0.24,97.86,91.64,77.3,-2.48
"JIMMY.HOWARD","2015-2016","DET",37,1546.11,762,61,91.99,91.77,0.22,98.53,93.36,76.36,1.69
"JIMMY.HOWARD","2016-2017","DET",26,1114.46,536,40,92.54,92.74,-0.2,96.03,93.72,80.65,-1.08
"JIMMY.HOWARD","2017-2018","DET",59,2638.28,1364,108,92.08,92.28,-0.19,97.39,92.72,75.86,-2.65
"JIMMY.HOWARD","2018-2019","DET",55,2468.02,1367,104,92.39,91.81,0.58,97.28,92.46,81.72,7.89
"JOCELYN.THIBAULT","2007-2008","BUF",11,338.93,149,22,85.23,89.77,-4.54,90.48,89.61,66.67,-6.76
"JOEY.MACDONALD","2008-2009","NYI",49,2023.12,1148,103,91.03,92.17,-1.14,97.76,88.48,81.77,-13.11
"JOEY.MACDONALD","2009-2010","TOR",6,239.12,115,8,93.04,93,0.04,100,91.3,71.43,0.05
"JOEY.MACDONALD","2010-2011","DET",15,561.9,295,21,92.88,92.43,0.45,99.19,94.7,67.5,1.32
"JOEY.MACDONALD","2011-2012","DET",14,618.37,248,18,92.74,92.67,0.08,99.17,96.15,72,0.19
"JOEY.MACDONALD","2012-2013","CGY",21,892.17,443,45,89.84,91.95,-2.11,97.18,90.78,70.79,-9.36
"JOEY.MACDONALD","2013-2014","CGY",11,485.6,218,22,89.91,91.87,-1.96,99.04,91.18,67.39,-4.28
"JOHAN.HEDBERG","2007-2008","ATL",35,1385.22,712,69,90.31,91.78,-1.47,99.1,90.28,70.41,-10.5
"JOHAN.HEDBERG","2008-2009","ATL",33,1240.7,616,56,90.91,91.68,-0.77,97.85,90.91,74.23,-4.77
"JOHAN.HEDBERG","2009-2010","ATL",47,1946.15,983,78,92.07,91.77,0.3,98.24,91.93,79.25,2.95
"JOHAN.HEDBERG","2010-2011","N.J",34,1357.9,604,50,91.72,92.21,-0.49,97.68,91.87,75.76,-2.93
"JOHAN.HEDBERG","2011-2012","N.J",27,1229.27,536,40,92.54,92.53,0.01,98.39,92.78,78.5,0.06
"JOHAN.HEDBERG","2012-2013","N.J",19,860.72,333,34,89.79,91.95,-2.17,97.76,89.52,76,-7.21
"JOHAN.HOLMQVIST","2007-2008","T.B/DAL",45,1858.35,800,81,89.88,92.9,-3.02,96.62,88.98,70.21,-24.18
"JOHN.GIBSON","2014-2015","ANA",23,1068.67,538,40,92.57,92.69,-0.13,98.86,91.94,75.28,-0.68
"JOHN.GIBSON","2015-2016","ANA",40,1806.37,764,60,92.15,92.66,-0.51,98.62,92.46,75.84,-3.91
"JOHN.GIBSON","2016-2017","ANA",52,2297.88,1086,71,93.46,92.33,1.13,97.94,95.04,80.73,12.29
"JOHN.GIBSON","2017-2018","ANA",60,2737.95,1446,103,92.88,91.9,0.97,98.42,93.53,80.56,14.09
"JOHN.GIBSON","2018-2019","ANA",57,2539.43,1360,98,92.79,91.42,1.37,98.01,93.19,82.74,18.66
"JOHN.GRAHAME","2007-2008","CAR",17,581.83,281,29,89.68,91.52,-1.84,96.04,91.27,74.07,-5.17
"JONAS.GUSTAVSSON","2009-2010","TOR",42,1820.73,874,76,91.3,92.4,-1.09,95.93,91.35,78.52,-9.54
"JONAS.GUSTAVSSON","2010-2011","TOR",23,972.72,488,44,90.98,92.62,-1.63,97.17,90.45,75.32,-7.97
"JONAS.GUSTAVSSON","2011-2012","TOR",42,1874.05,916,88,90.39,91.92,-1.52,97.2,88.34,80.2,-13.96
"JONAS.GUSTAVSSON","2012-2013","DET",7,280.91,112,12,89.29,91.79,-2.51,98.04,77.14,88.46,-2.81
"JONAS.GUSTAVSSON","2013-2014","DET",27,1170.19,539,47,91.28,92.86,-1.58,98.32,92.11,66.67,-8.52
"JONAS.GUSTAVSSON","2014-2015","DET",7,246.77,109,7,93.58,92.89,0.69,100,97.22,71.43,0.75
"JONAS.GUSTAVSSON","2015-2016","BOS",24,1002.3,502,43,91.43,92.66,-1.23,97.95,90.34,74.39,-6.16
"JONAS.GUSTAVSSON","2016-2017","EDM",7,277.19,119,12,89.92,91.84,-1.92,95.56,86.54,86.36,-2.29
"JONAS.HILLER","2007-2008","ANA",23,877.71,375,26,93.07,91.45,1.62,95.97,94.15,84.13,6.07
"JONAS.HILLER","2008-2009","ANA",46,1853.22,834,56,93.29,92.29,0.99,99.06,93.01,79.69,8.27
"JONAS.HILLER","2009-2010","ANA",59,2536.73,1374,93,93.23,92.05,1.18,97.45,92.69,85.59,16.26
"JONAS.HILLER","2010-2011","ANA",49,2085.3,1148,81,92.94,92.32,0.63,97.21,93.01,82.18,7.19
"JONAS.HILLER","2011-2012","ANA",73,3342.47,1594,133,91.66,91.85,-0.2,97.22,91.61,80.91,-3.12
"JONAS.HILLER","2012-2013","ANA",26,1178.48,493,31,93.71,92.52,1.2,97.64,95,83.17,5.9
"JONAS.HILLER","2013-2014","ANA",50,2219.91,1014,77,92.41,91.97,0.44,98.36,92.25,80.84,4.42
"JONAS.HILLER","2014-2015","CGY",52,2307.25,1145,84,92.66,92.34,0.32,97.09,92.48,82.57,3.7
"JONAS.HILLER","2015-2016","CGY",26,1056.4,495,52,89.49,91.76,-2.26,96.36,89.51,76.11,-11.21
"JONATHAN.BERNIER","2010-2011","L.A",25,1090.26,513,41,92.01,92.88,-0.88,97.82,91.39,76,-4.5
"JONATHAN.BERNIER","2011-2012","L.A",16,681.68,278,26,90.65,92.28,-1.64,99.29,87.18,75,-4.55
"JONATHAN.BERNIER","2012-2013","L.A",14,629.97,241,15,93.78,93.04,0.74,99.15,94.12,76.32,1.78
"JONATHAN.BERNIER","2013-2014","TOR",55,2422.15,1377,95,93.1,92.78,0.32,98.2,92.41,80.25,4.45
"JONATHAN.BERNIER","2014-2015","TOR",58,2455.81,1293,101,92.19,92.5,-0.31,97.06,89.96,83.62,-4.03
"JONATHAN.BERNIER","2015-2016","TOR",38,1694.63,895,78,91.28,92.94,-1.66,96.53,89.46,77.86,-14.84
"JONATHAN.BERNIER","2016-2017","ANA",39,1564.18,735,57,92.24,92.53,-0.29,97.13,93.36,76.92,-2.12
"JONATHAN.BERNIER","2017-2018","COL",37,1568,817,56,93.15,93.43,-0.28,97.58,92,77.88,-2.29
"JONATHAN.BERNIER","2018-2019","DET",35,1537.72,826,73,91.16,91.92,-0.76,95.38,91.2,80.26,-6.3
"JONATHAN.QUICK","2008-2009","L.A",44,1830.35,866,64,92.61,93.01,-0.4,97.61,91.77,77.23,-3.45
"JONATHAN.QUICK","2009-2010","L.A",72,3218.95,1413,116,91.79,92.49,-0.69,96.59,91.07,80,-9.82
"JONATHAN.QUICK","2010-2011","L.A",61,2764.43,1260,94,92.54,93,-0.46,97.15,91.04,81.6,-5.74
"JONATHAN.QUICK","2011-2012","L.A",69,3124.05,1379,91,93.4,92.89,0.51,98.25,92.36,80.54,7.1
"JONATHAN.QUICK","2012-2013","L.A",37,1652.45,687,64,90.68,92.26,-1.58,98.03,91.02,72.22,-10.86
"JONATHAN.QUICK","2013-2014","L.A",49,2205.52,872,64,92.66,92.18,0.48,98.99,92.44,79.46,4.22
"JONATHAN.QUICK","2014-2015","L.A",72,3335.2,1448,105,92.75,92.65,0.1,98.97,90.18,81.78,1.39
"JONATHAN.QUICK","2015-2016","L.A",68,3192.55,1367,97,92.9,92.61,0.3,96.96,91.92,84.06,4.05
"JONATHAN.QUICK","2016-2017","L.A",17,754.61,343,25,92.71,92.05,0.66,98.05,94.69,78.95,2.26
"JONATHAN.QUICK","2017-2018","L.A",64,2934.03,1442,103,92.86,92.06,0.8,96.94,93.42,81.48,11.53
"JONATHAN.QUICK","2018-2019","L.A",46,2174.43,1059,107,89.9,92.11,-2.21,97.68,87.01,77,-23.42
"JON.GILLIES","2017-2018","CGY",11,461.95,211,23,89.1,91.46,-2.36,95.83,87.32,77.27,-4.98
"JONI.ORTIO","2013-2014","CGY",9,404.3,159,19,88.05,92.11,-4.06,97.06,88.89,70.27,-6.45
"JONI.ORTIO","2014-2015","CGY",6,275.73,127,13,89.76,92.37,-2.61,92.59,89.58,84,-3.31
"JONI.ORTIO","2015-2016","CGY",22,960.92,460,37,91.96,92.32,-0.36,98.15,90.91,78.89,-1.65
"JOONAS.KORPISALO","2015-2016","CBJ",31,1447.98,771,51,93.39,92.19,1.19,98.11,92.65,83.33,9.18
"JOONAS.KORPISALO","2016-2017","CBJ",14,653.07,326,30,90.8,91.64,-0.84,96.05,94.29,73.91,-2.75
"JOONAS.KORPISALO","2017-2018","CBJ",18,846.17,450,45,90,91.64,-1.64,95.9,86.62,83.67,-7.38
"JOONAS.KORPISALO","2018-2019","CBJ",27,1153.08,557,50,91.02,91.89,-0.87,98.47,92.27,72.17,-4.83
"JORDAN.BINNINGTON","2018-2019","STL",32,1555.67,649,38,94.14,92.06,2.08,98.71,92.49,85.83,13.52
"JOSE.THEODORE","2007-2008","COL",53,2283.4,1031,86,91.66,91.77,-0.11,96.95,91.23,80.89,-1.1
"JOSE.THEODORE","2008-2009","WSH",57,2414.62,1094,92,91.59,92.33,-0.74,96.88,91.68,77.64,-8.08
"JOSE.THEODORE","2009-2010","WSH",47,1932.1,982,69,92.97,92.02,0.95,98.06,93.49,78.77,9.33
"JOSE.THEODORE","2010-2011","MIN",32,1381.77,715,61,91.47,92.67,-1.2,97.99,91.75,71.29,-8.6
"JOSE.THEODORE","2011-2012","FLA",53,2377.22,1162,81,93.03,92.32,0.71,97.39,93.45,81.31,8.28
"JOSE.THEODORE","2012-2013","FLA",15,593.35,308,28,90.91,92.7,-1.79,95.65,92.17,76.36,-5.51
"JOSH.HARDING","2007-2008","MIN",29,1134.65,592,50,91.55,92.66,-1.11,98.77,89.86,70.97,-6.57
"JOSH.HARDING","2008-2009","MIN",19,630,323,24,92.57,93.13,-0.56,97.83,92.11,72.73,-1.8
"JOSH.HARDING","2009-2010","MIN",25,995.6,534,42,92.13,92.44,-0.3,97.12,92.03,78.67,-1.62
"JOSH.HARDING","2011-2012","MIN",34,1425.73,755,60,92.05,92.49,-0.44,98.65,92.22,72.66,-3.29
"JOSH.HARDING","2013-2014","MIN",29,1323.63,530,31,94.15,93.75,0.4,98.43,89.47,84.81,2.13
"J-SEBASTIEN.AUBIN","2007-2008","L.A",19,612.03,293,33,88.74,92.16,-3.42,95.83,88.61,71.79,-10.02
"JUSTIN.PETERS","2009-2010","CAR",9,368.63,184,14,92.39,91.87,0.52,100,92.13,80,0.96
"JUSTIN.PETERS","2010-2011","CAR",12,508.76,260,28,89.23,91.68,-2.45,98.94,90.43,68.63,-6.36
"JUSTIN.PETERS","2011-2012","CAR",7,317.36,180,10,94.44,92.63,1.82,98.63,91.78,91.18,3.27
"JUSTIN.PETERS","2012-2013","CAR",19,771.23,401,42,89.53,90.74,-1.21,99.34,91.37,73.64,-4.86
"JUSTIN.PETERS","2013-2014","CAR",21,957.55,495,38,92.32,92.42,-0.1,98.17,94.51,74.74,-0.49
"JUSTIN.PETERS","2014-2015","WSH",12,512.95,230,26,88.7,91.77,-3.07,98.13,82.61,77.78,-7.07
"JUSTIN.POGGE","2008-2009","TOR",7,288.85,131,20,84.73,92.77,-8.04,96,79.03,73.68,-10.53
"JUUSE.SAROS","2016-2017","NSH",21,963.78,493,36,92.7,92.49,0.21,98.28,93.02,77.53,1.02
"JUUSE.SAROS","2017-2018","NSH",26,1165.4,617,42,93.19,91.53,1.67,97.58,93.17,84.17,10.28
"JUUSE.SAROS","2018-2019","NSH",31,1336.13,692,53,92.34,92.11,0.23,96.32,93.64,80,1.59
"KARI.LEHTONEN","2007-2008","ATL",47,1952.85,1128,89,92.11,92.04,0.07,98.18,93.06,74.85,0.74
"KARI.LEHTONEN","2008-2009","ATL",46,1903.55,1081,81,92.51,91.87,0.63,98.92,92.91,77.59,6.86
"KARI.LEHTONEN","2009-2010","DAL",12,469.39,254,20,92.13,92.57,-0.44,98.13,92.98,69.7,-1.13
"KARI.LEHTONEN","2010-2011","DAL",69,3135.26,1521,108,92.9,92.95,-0.05,97.46,93.56,76.47,-0.73
"KARI.LEHTONEN","2011-2012","DAL",59,2688.14,1267,96,92.42,92.96,-0.54,98.24,90.7,77.83,-6.8
"KARI.LEHTONEN","2012-2013","DAL",36,1539.43,787,60,92.38,91.64,0.73,97.53,93.28,80,5.77
"KARI.LEHTONEN","2013-2014","DAL",65,2969.33,1430,103,92.8,92.04,0.76,97.28,92.15,84.15,10.87
"KARI.LEHTONEN","2014-2015","DAL",65,2873.6,1438,124,91.38,92.12,-0.74,97.49,91.3,77.32,-10.69
"KARI.LEHTONEN","2015-2016","DAL",43,1826,879,80,90.9,92.16,-1.27,96.14,92.49,75.58,-11.13
"KARI.LEHTONEN","2016-2017","DAL",59,2600.53,1239,93,92.49,91.39,1.11,97.27,93.08,81.92,13.73
"KARI.LEHTONEN","2017-2018","DAL",37,1560.91,716,47,93.44,93.36,0.08,96.67,91.27,85.57,0.56
"KARRI.RAMO","2007-2008","T.B",22,984.65,495,44,91.11,92.56,-1.45,97.09,91.67,68.85,-7.19
"KARRI.RAMO","2008-2009","T.B",24,946.53,511,45,91.19,92.12,-0.93,97.35,91.44,72.31,-4.73
"KARRI.RAMO","2013-2014","CGY",40,1747.95,869,72,91.71,92.16,-0.45,98,91.39,77.25,-3.9
"KARRI.RAMO","2014-2015","CGY",34,1398.82,690,57,91.74,92.2,-0.46,98.06,92.18,76.81,-3.19
"KARRI.RAMO","2015-2016","CGY",37,1764.42,860,72,91.63,92.1,-0.47,98.35,91.3,74.53,-4.04
"KEITH.KINKAID","2014-2015","N.J",19,715.43,358,23,93.58,92.28,1.29,98.2,93.44,82.61,4.63
"KEITH.KINKAID","2015-2016","N.J",23,990.35,466,44,90.56,92.85,-2.29,98.62,89.77,68.49,-10.67
"KEITH.KINKAID","2016-2017","N.J",26,1150.86,585,40,93.16,92.3,0.86,99.23,93.49,77.98,5.06
"KEITH.KINKAID","2017-2018","N.J",41,1846.21,971,80,91.76,91.84,-0.08,97.67,91.79,79,-0.78
"KEITH.KINKAID","2018-2019","N.J",41,1771.5,927,87,90.61,91.72,-1.1,94.83,91.48,79.55,-10.23
"KEVIN.BOYLE","2018-2019","ANA",5,228.27,113,6,94.69,92.82,1.87,96.92,96.67,83.33,2.11
"KEVIN.POULIN","2010-2011","NYI",9,408.97,231,18,92.21,91.26,0.95,100,91.4,78.26,2.19
"KEVIN.POULIN","2011-2012","NYI",6,243.63,126,11,91.27,90.39,0.88,96.49,91.18,82.86,1.11
"KEVIN.POULIN","2012-2013","NYI",5,214.31,90,9,90,91.36,-1.36,97.22,94.12,70,-1.22
"KEVIN.POULIN","2013-2014","NYI",28,1283.55,665,65,90.23,92.11,-1.89,97.94,89.34,74.62,-12.54
"KEVIN.WEEKES","2008-2009","N.J",16,596.62,308,21,93.18,93.34,-0.16,97.2,92.13,81.58,-0.5
"LAURENT.BROSSOIT","2015-2016","EDM",5,233.09,117,15,87.18,90.78,-3.6,95.56,86.05,75.86,-4.21
"LAURENT.BROSSOIT","2016-2017","EDM",8,267,128,9,92.97,92.21,0.76,100,87.5,90.48,0.97
"LAURENT.BROSSOIT","2017-2018","EDM",14,596.87,271,25,90.77,91.96,-1.18,98.28,83.65,88.24,-3.21
"LAURENT.BROSSOIT","2018-2019","WPG",21,933.72,500,30,94,92.13,1.87,98.35,93.87,83.16,9.34
"LELAND.IRVING","2011-2012","CGY",7,310.95,185,18,90.27,92.27,-2,95,92.86,74.29,-3.7
"LELAND.IRVING","2012-2013","CGY",6,213.33,87,11,87.36,91.79,-4.44,95.56,88.46,62.5,-3.86
"LINUS.ULLMARK","2015-2016","BUF",20,954.08,477,37,92.24,92.77,-0.52,99.17,92.31,70.89,-2.5
"LINUS.ULLMARK","2017-2018","BUF",5,208.02,112,6,94.64,92.99,1.65,100,94.44,75,1.85
"LINUS.ULLMARK","2018-2019","BUF",37,1737.23,947,77,91.87,92.41,-0.54,96.59,91,80.9,-5.13
"LOUIS.DOMINGUE","2014-2015","ARI",7,251.7,116,10,91.38,90.98,0.4,95.74,91.89,84.38,0.46
"LOUIS.DOMINGUE","2015-2016","ARI",39,1699.87,890,61,93.15,92.78,0.37,97.06,95.49,78.12,3.25
"LOUIS.DOMINGUE","2016-2017","ARI",31,1282.35,694,54,92.22,92.56,-0.34,95.61,91.52,84.38,-2.36
"LOUIS.DOMINGUE","2017-2018","ARI/T.B",19,869.53,455,39,91.43,92,-0.57,97.69,89.73,79.57,-2.58
"LOUIS.DOMINGUE","2018-2019","T.B",26,1238.72,604,53,91.23,92.46,-1.23,97.44,90.79,75.73,-7.44
"MACKENZIE.BLACKWOOD","2018-2019","N.J",23,1011.8,548,41,92.52,92.12,0.39,97.31,92.31,81.13,2.16
"MALCOLM.SUBBAN","2017-2018","VGK",22,971.02,470,36,92.34,92.55,-0.21,97.83,89.31,82.72,-0.97
"MALCOLM.SUBBAN","2018-2019","VGK",21,1023.42,511,43,91.59,91.86,-0.27,96.33,92.79,76.47,-1.38
"MANNY.FERNANDEZ","2008-2009","BOS",28,1272.65,607,45,92.59,91.97,0.61,97.12,92.83,80.81,3.72
"MANNY.LEGACE","2007-2008","STL",65,2633.97,1180,87,92.63,92.49,0.14,97.51,91.99,82.47,1.66
"MANNY.LEGACE","2008-2009","STL",29,1064.78,501,53,89.42,92.93,-3.51,96.15,87.76,68.75,-17.57
"MANNY.LEGACE","2009-2010","CAR",28,1137.43,565,47,91.68,92.33,-0.65,98.17,89.29,83.16,-3.67
"MARC-ANDRE.FLEURY","2007-2008","PIT",34,1285.45,623,38,93.9,92.84,1.06,98.38,92.72,81.67,6.6
"MARC-ANDRE.FLEURY","2008-2009","PIT",62,2588.58,1297,95,92.68,93.1,-0.42,97.19,91.79,80.36,-5.49
"MARC-ANDRE.FLEURY","2009-2010","PIT",66,2787.76,1273,116,90.89,92.43,-1.54,96.75,90.4,76.77,-19.61
"MARC-ANDRE.FLEURY","2010-2011","PIT",64,2743.3,1283,94,92.67,92.37,0.3,98.32,93.18,78.63,3.86
"MARC-ANDRE.FLEURY","2011-2012","PIT",67,3023.52,1373,118,91.41,92.3,-0.89,98.85,90.76,75.75,-12.22
"MARC-ANDRE.FLEURY","2012-2013","PIT",33,1459.75,696,49,92.96,92.83,0.12,98.48,92.5,79.37,0.87
"MARC-ANDRE.FLEURY","2013-2014","PIT",64,2993.05,1352,109,91.94,92.98,-1.04,97.9,90.69,77.35,-14.06
"MARC-ANDRE.FLEURY","2014-2015","PIT",64,2933.91,1358,99,92.71,92.26,0.45,98.09,92.97,79.93,6.09
"MARC-ANDRE.FLEURY","2015-2016","PIT",58,2749.93,1295,88,93.2,92.73,0.48,98.5,91.85,82.5,6.21
"MARC-ANDRE.FLEURY","2016-2017","PIT",38,1663.77,903,76,91.58,91.58,0,98.46,91,79.91,0.03
"MARC-ANDRE.FLEURY","2017-2018","VGK",46,2134.1,1094,75,93.14,92.39,0.75,97.9,94.55,76.76,8.21
"MARC-ANDRE.FLEURY","2018-2019","VGK",61,2922.02,1373,113,91.77,91.93,-0.16,97.33,92.29,77.04,-2.24
"MARC.DENIS","2007-2008","T.B",9,305.16,143,19,86.71,90.54,-3.83,98.11,81.82,77.14,-5.47
"MAREK.MAZANEC","2013-2014","NSH",25,1096.99,520,47,90.96,93.01,-2.05,97.32,90.45,71.6,-10.66
"MARTIN.BIRON","2007-2008","PHI",60,2391.09,1249,91,92.71,92.54,0.17,97.96,92.52,75.78,2.18
"MARTIN.BIRON","2008-2009","PHI",55,2337.34,1280,107,91.64,92.36,-0.72,97.6,91.71,73.49,-9.17
"MARTIN.BIRON","2009-2010","NYI",29,1202.8,620,53,91.45,91.81,-0.36,97.12,90.46,79.79,-2.21
"MARTIN.BIRON","2010-2011","NYR",17,726.79,347,27,92.22,91.58,0.64,97.76,93.96,76.56,2.22
"MARTIN.BIRON","2011-2012","NYR",21,950.48,399,37,90.73,91.41,-0.69,95.78,92.7,79.17,-2.74
"MARTIN.BIRON","2012-2013","NYR",6,282.7,125,9,92.8,92,0.8,100,93.48,80,1
"MARTIN.BRODEUR","2007-2008","N.J",76,3265.58,1405,102,92.74,92.34,0.4,97.33,93.08,79.23,5.62
"MARTIN.BRODEUR","2008-2009","N.J",31,1336.23,616,40,93.51,92.63,0.87,98.15,93.65,79.79,5.38
"MARTIN.BRODEUR","2009-2010","N.J",77,3555.02,1584,119,92.49,92.69,-0.2,96.16,92.76,79.6,-3.22
"MARTIN.BRODEUR","2010-2011","N.J",56,2509.54,1054,94,91.08,92.61,-1.53,98.65,88.69,77.11,-16.13
"MARTIN.BRODEUR","2011-2012","N.J",59,2716.35,1171,105,91.03,92.69,-1.65,97.07,91.47,73.95,-19.38
"MARTIN.BRODEUR","2012-2013","N.J",29,1350.39,497,39,92.15,92.33,-0.18,97.94,91.77,78.12,-0.88
"MARTIN.BRODEUR","2013-2014","N.J",39,1810.15,731,71,90.29,92.62,-2.34,95.13,90.51,76.74,-17.07
"MARTIN.BRODEUR","2014-2015","STL",7,284.1,137,11,91.97,92.74,-0.77,98.33,91.23,75,-1.06
"MARTIN.GERBER","2007-2008","OTT",51,2054.75,1049,81,92.28,91.99,0.29,96.15,94.01,76.82,3.01
"MARTIN.GERBER","2008-2009","OTT/TOR",26,1166.03,606,54,91.09,92.35,-1.26,97.47,90.39,76.14,-7.65
"MARTIN.JONES","2013-2014","L.A",19,861.93,375,20,94.67,92.95,1.71,98.31,94.66,85.07,6.43
"MARTIN.JONES","2014-2015","L.A",15,625.8,249,21,91.57,92.56,-1,97.35,93.55,72.09,-2.48
"MARTIN.JONES","2015-2016","S.J",65,3050.55,1334,100,92.5,92.39,0.11,98.1,91.25,80.57,1.52
"MARTIN.JONES","2016-2017","S.J",64,3009.57,1313,110,91.62,91.79,-0.17,97.83,91.68,79.29,-2.17
"MARTIN.JONES","2017-2018","S.J",60,2757.87,1355,115,91.51,91.9,-0.39,97.34,90.04,81.25,-5.25
"MARTIN.JONES","2018-2019","S.J",62,2922.57,1310,138,89.47,91.25,-1.78,95.62,89.8,77.18,-23.35
"MARTY.TURCO","2007-2008","DAL",62,2635.65,1098,89,91.89,92.29,-0.39,97.9,91.26,77.42,-4.29
"MARTY.TURCO","2008-2009","DAL",74,3185.57,1458,133,90.88,92.26,-1.38,96.59,91.07,76.07,-20.12
"MARTY.TURCO","2009-2010","DAL",52,2322.14,1173,85,92.75,93.14,-0.39,96.96,92.09,78.62,-4.57
"MARTY.TURCO","2010-2011","CHI",29,1276.96,591,56,90.52,92.16,-1.63,98.71,89.93,71.43,-9.64
"MARTY.TURCO","2011-2012","BOS",5,222.13,88,11,87.5,92.34,-4.84,100,82.14,66.67,-4.26
"MATHIEU.GARON","2007-2008","EDM",47,1916.32,962,85,91.16,92.29,-1.13,98.18,90.98,71.17,-10.83
"MATHIEU.GARON","2008-2009","EDM/PIT",19,765.95,359,30,91.64,91.8,-0.16,98.39,95.03,64.81,-0.56
"MATHIEU.GARON","2009-2010","CBJ",34,1308.85,610,57,90.66,92.71,-2.05,98.43,89.06,73.63,-12.52
"MATHIEU.GARON","2010-2011","CBJ",36,1483.93,656,56,91.46,92.07,-0.61,97.47,91.7,77.78,-4
"MATHIEU.GARON","2011-2012","T.B",48,1970.99,926,84,90.93,92.36,-1.43,97.89,91.17,74.32,-13.21
"MATHIEU.GARON","2012-2013","T.B",18,730.03,356,31,91.29,92.98,-1.69,97.18,89.76,75,-6.01
"MATT.HACKETT","2011-2012","MIN",12,438.13,232,18,92.24,93.17,-0.93,98.31,89.47,78.95,-2.15
"MATT.HACKETT","2013-2014","BUF",8,334.28,176,16,90.91,93.05,-2.14,98.86,90.91,69.7,-3.76
"MATT.HACKETT","2014-2015","BUF",5,202.25,126,12,90.48,92.82,-2.34,95.08,91.67,70.59,-2.95
"MATTHEW.MURRAY","2015-2016","PIT",13,576.37,259,17,93.44,92.78,0.66,96,94.38,84.44,1.7
"MATTHEW.MURRAY","2016-2017","PIT",49,2215.52,1111,73,93.43,91.8,1.63,98.38,93.96,82.94,18.15
"MATTHEW.MURRAY","2017-2018","PIT",34,1433.25,720,69,90.42,92,-1.58,96.38,90.87,77.78,-11.41
"MATT.MURRAY","2017-2018","PIT",15,729.12,370,28,92.43,92.03,0.4,95.81,92.5,85.54,1.48
"MATT.MURRAY","2018-2019","PIT",50,2312.15,1259,84,93.33,92.45,0.87,98.79,90.95,83.94,11
"MAXIME.LAGACE","2017-2018","VGK",16,685.77,323,39,87.93,91.35,-3.42,96.12,90.55,67.16,-11.06
"MICHAEL.HUTCHINSON","2014-2015","WPG",38,1667.22,727,55,92.43,92.46,-0.03,97.85,92.8,78.99,-0.19
"MICHAEL.HUTCHINSON","2015-2016","WPG",30,1251.91,596,56,90.6,92.19,-1.59,97.43,93.78,71.76,-9.47
"MICHAEL.HUTCHINSON","2016-2017","WPG",28,1090.83,518,44,91.51,92.53,-1.03,97.72,92.79,73.63,-5.31
"MICHAEL.HUTCHINSON","2018-2019","FLA/TOR",9,398.88,193,19,90.16,92.81,-2.65,96.88,88.06,73.33,-5.12
"MICHAEL.LEIGHTON","2008-2009","CAR",19,726.07,350,32,90.86,91.59,-0.73,98.56,91.33,72.13,-2.56
"MICHAEL.LEIGHTON","2009-2010","CAR/PHI",34,1280.55,668,64,90.42,92,-1.58,97.8,88.81,76.15,-10.58
"MICHAL.NEUVIRTH","2009-2010","WSH",17,686.87,355,28,92.11,92.3,-0.19,97.39,92.57,75.93,-0.67
"MICHAL.NEUVIRTH","2010-2011","WSH",47,2072.37,967,78,91.93,92.73,-0.8,96.59,91.43,79.41,-7.69
"MICHAL.NEUVIRTH","2011-2012","WSH",38,1574.11,726,61,91.6,92.78,-1.18,97.09,92.48,73.28,-8.58
"MICHAL.NEUVIRTH","2012-2013","WSH",13,574.88,274,23,91.61,92.53,-0.93,97.87,90.48,75.51,-2.54
"MICHAL.NEUVIRTH","2013-2014","WSH/BUF",15,651.95,344,27,92.15,92.09,0.06,97.99,88.64,85.71,0.21
"MICHAL.NEUVIRTH","2014-2015","BUF/NYI",32,1469.45,834,62,92.57,92.74,-0.18,97.86,91.05,82.31,-1.49
"MICHAL.NEUVIRTH","2015-2016","PHI",32,1405.26,672,47,93.01,92.44,0.57,98.21,94.06,76.27,3.81
"MICHAL.NEUVIRTH","2016-2017","PHI",28,1094.22,470,46,90.21,92.2,-1.99,94.29,93.98,74.47,-9.33
"MICHAL.NEUVIRTH","2017-2018","PHI",21,832.76,424,29,93.16,92.39,0.77,98.09,93.88,76.47,3.27
"MICHAL.NEUVIRTH","2018-2019","PHI",7,303.37,141,18,87.23,93.48,-6.25,93.83,82.5,70,-8.81
"MIIKKA.KIPRUSOFF","2007-2008","CGY",76,3158.9,1465,115,92.15,92.79,-0.64,97,91.87,76.7,-9.35
"MIIKKA.KIPRUSOFF","2008-2009","CGY",76,3231.14,1518,135,91.11,92.44,-1.33,97.58,89.81,77.39,-20.22
"MIIKKA.KIPRUSOFF","2009-2010","CGY",73,3260.68,1521,109,92.83,92.59,0.24,98.02,92.9,77.06,3.7
"MIIKKA.KIPRUSOFF","2010-2011","CGY",71,3177.37,1430,119,91.68,92.79,-1.11,96.95,91.55,72.78,-15.88
"MIIKKA.KIPRUSOFF","2011-2012","CGY",70,3258.27,1615,115,92.88,92.66,0.22,98.09,91.18,81.06,3.53
"MIIKKA.KIPRUSOFF","2012-2013","CGY",24,1094.27,536,59,88.99,92.11,-3.11,97.57,86.74,73.15,-16.69
"MIKAEL.TELLQVIST","2007-2008","ARI",21,857,423,31,92.67,92.39,0.28,97.73,93.51,75.81,1.17
"MIKAEL.TELLQVIST","2008-2009","ARI/BUF",21,759.47,398,27,93.22,92.72,0.49,98.38,94.74,73.77,1.97
"MIKE.CONDON","2015-2016","MTL",54,2448.46,1137,99,91.29,92.34,-1.05,98.7,89.24,76.5,-11.89
"MIKE.CONDON","2016-2017","PIT/OTT",41,1817.33,847,68,91.97,92.62,-0.65,96.84,91.19,79.43,-5.52
"MIKE.CONDON","2017-2018","OTT",31,1330.56,733,58,92.09,92.19,-0.1,96.86,91.12,80.65,-0.72
"MIKE.MCKENNA","2008-2009","T.B",15,581.47,273,23,91.58,92.88,-1.3,97.06,90.51,79.41,-3.56
"MIKE.MCKENNA","2018-2019","OTT/PHI",11,415.27,244,28,88.52,92.56,-4.03,96.15,87.5,66.67,-9.84
"MIKE.SMITH","2007-2008","DAL/T.B",33,1387.17,609,60,90.15,92.46,-2.32,97.84,89.74,68,-14.1
"MIKE.SMITH","2008-2009","T.B",41,1756.65,870,60,93.1,93.01,0.1,97.41,91.45,82.65,0.83
"MIKE.SMITH","2009-2010","T.B",42,1717.58,864,76,91.2,92.14,-0.93,96.36,92.21,75.74,-8.06
"MIKE.SMITH","2010-2011","T.B",22,869.4,405,41,89.88,92.75,-2.87,96.07,88.82,73.68,-11.63
"MIKE.SMITH","2011-2012","ARI",67,3106.87,1644,104,93.67,92.47,1.2,99.07,91.73,84.42,19.75
"MIKE.SMITH","2012-2013","ARI",34,1503.4,740,56,92.43,92.4,0.04,97.14,90.56,84.71,0.26
"MIKE.SMITH","2013-2014","ARI",62,2774.52,1385,101,92.71,92.4,0.31,97.67,91.43,83.27,4.25
"MIKE.SMITH","2014-2015","ARI",62,2826.78,1484,130,91.24,92.4,-1.16,98.01,91.53,73.94,-17.17
"MIKE.SMITH","2015-2016","ARI",32,1358.83,705,44,93.76,92.98,0.78,99.39,90.08,85.84,5.5
"MIKE.SMITH","2016-2017","ARI",55,2575.8,1461,110,92.47,92.2,0.27,98.18,92.94,78.77,3.96
"MIKE.SMITH","2017-2018","CGY",55,2506.83,1280,93,92.73,92.2,0.53,96.74,94.13,78.92,6.83
"MIKE.SMITH","2018-2019","CGY",42,1925.08,858,82,90.44,91.43,-0.99,95.25,89.96,80.95,-8.5
"MIKKO.KOSKINEN","2018-2019","EDM",55,2462.05,1247,105,91.58,91.89,-0.31,96.65,91.15,79.84,-3.92
"NATHAN.LAWSON","2010-2011","NYI",10,290.69,180,17,90.56,90.19,0.36,96.83,93.51,75,0.65
"NATHAN.LIEUWEN","2013-2014","BUF",7,305.04,163,15,90.8,91.94,-1.15,94.81,88.89,84.38,-1.87
"NIKLAS.BACKSTROM","2007-2008","MIN",56,2372.39,1126,83,92.63,93.14,-0.51,98.28,92.58,67.8,-5.78
"NIKLAS.BACKSTROM","2008-2009","MIN",71,3134.37,1540,112,92.73,93.4,-0.67,97.88,92.1,72.5,-10.35
"NIKLAS.BACKSTROM","2009-2010","MIN",60,2626.18,1244,104,91.64,93.34,-1.7,97.79,89.42,73.53,-21.1
"NIKLAS.BACKSTROM","2010-2011","MIN",51,2295.05,1202,83,93.09,92.87,0.22,97.45,93.42,77.71,2.66
"NIKLAS.BACKSTROM","2011-2012","MIN",46,2001.5,981,67,93.17,93.16,0.01,99.21,92.77,72.14,0.11
"NIKLAS.BACKSTROM","2012-2013","MIN",42,1840.73,842,70,91.69,93.12,-1.44,97.27,91.85,72.93,-12.11
"NIKLAS.BACKSTROM","2013-2014","MIN",21,827.94,400,35,91.25,92.42,-1.17,97.8,89.73,77.78,-4.69
"NIKLAS.BACKSTROM","2014-2015","MIN",19,779.19,343,39,88.63,92.4,-3.77,95.83,91.74,65.15,-12.94
"NIKLAS.SVEDBERG","2014-2015","BOS",18,741.68,334,26,92.22,92.29,-0.08,98.68,89.57,82.09,-0.26
"NIKOLAI.KHABIBULIN","2007-2008","CHI",48,1945.31,918,76,91.72,92.04,-0.32,98.43,91.69,77.92,-2.95
"NIKOLAI.KHABIBULIN","2008-2009","CHI",42,1812.75,843,55,93.48,92.13,1.35,98.42,94.15,79.7,11.37
"NIKOLAI.KHABIBULIN","2009-2010","EDM",18,813.25,463,36,92.22,92.43,-0.21,97.79,92.02,78.26,-0.96
"NIKOLAI.KHABIBULIN","2010-2011","EDM",47,2055.2,1035,102,90.14,91.45,-1.3,99.38,90.21,74.07,-13.47
"NIKOLAI.KHABIBULIN","2011-2012","EDM",40,1737.17,847,72,91.5,91.67,-0.17,96.81,91.22,81.97,-1.43
"NIKOLAI.KHABIBULIN","2012-2013","EDM",12,536.68,302,20,93.38,92.24,1.14,99.08,91.97,85.71,3.43
"OLAF.KOLZIG","2007-2008","WSH",53,2294.45,978,93,90.49,92.05,-1.56,97.01,92.9,65.44,-15.21
"OLAF.KOLZIG","2008-2009","T.B",8,291.76,170,16,90.59,92.58,-1.99,95.77,91.14,70,-3.38
"ONDREJ.PAVELEC","2007-2008","ATL",7,249.85,136,9,93.38,92.12,1.26,98.28,96.49,71.43,1.71
"ONDREJ.PAVELEC","2008-2009","ATL",12,471.87,236,24,89.83,91.26,-1.43,98.7,91.07,72.34,-3.38
"ONDREJ.PAVELEC","2009-2010","ATL",42,1756.75,1010,91,90.99,91.64,-0.65,97.54,90.77,78.09,-6.57
"ONDREJ.PAVELEC","2010-2011","ATL",58,2578.8,1322,95,92.81,92.18,0.64,98.72,92.52,79.39,8.4
"ONDREJ.PAVELEC","2011-2012","WPG",68,3099.93,1572,124,92.11,92.18,-0.07,97.64,92.57,79.2,-1.11
"ONDREJ.PAVELEC","2012-2013","WPG",44,2066.73,1020,89,91.27,91.9,-0.63,98.03,91.46,75.5,-6.43
"ONDREJ.PAVELEC","2013-2014","WPG",57,2510.25,1262,115,90.89,91.97,-1.08,97.2,92.24,75.09,-13.64
"ONDREJ.PAVELEC","2014-2015","WPG",50,2106.19,964,68,92.95,92.06,0.89,98.81,92.96,80,8.55
"ONDREJ.PAVELEC","2015-2016","WPG",33,1487.33,684,55,91.96,91.44,0.52,98.99,92.21,78.21,3.58
"ONDREJ.PAVELEC","2016-2017","WPG",8,370.08,186,17,90.86,91.91,-1.05,97.37,89.04,81.08,-1.95
"ONDREJ.PAVELEC","2017-2018","NYR",19,732.4,408,33,91.91,91.07,0.84,96.95,93.08,80,3.44
"PASCAL.LECLAIRE","2007-2008","CBJ",54,2131.35,932,67,92.81,93.17,-0.36,97.39,93.05,73.83,-3.35
"PASCAL.LECLAIRE","2008-2009","CBJ",12,477.24,207,27,86.96,92.04,-5.09,97.56,85.39,66.67,-10.53
"PASCAL.LECLAIRE","2009-2010","OTT",34,1327.22,590,69,88.31,91.74,-3.44,95.5,90.74,65.31,-20.27
"PASCAL.LECLAIRE","2010-2011","OTT",14,586.11,282,22,92.2,91.88,0.32,100,88.1,82.5,0.91
"PATRICK.LALIME","2007-2008","CHI",32,1321.13,615,51,91.71,92.28,-0.58,97.33,92.54,75.79,-3.55
"PATRICK.LALIME","2008-2009","BUF",24,932,457,48,89.5,92.16,-2.66,96.3,89.86,67.21,-12.16
"PATRICK.LALIME","2009-2010","BUF",16,587.7,296,27,90.88,92.21,-1.33,98.45,88.89,76,-3.93
"PATRICK.LALIME","2010-2011","BUF",7,274.33,127,11,91.34,92.84,-1.5,98.04,89.66,77.78,-1.91
"PEKKA.RINNE","2008-2009","NSH",52,2325.98,1136,82,92.78,92.26,0.52,99.28,91.52,79.74,5.93
"PEKKA.RINNE","2009-2010","NSH",58,2534.97,1187,86,92.75,92.57,0.19,98.93,92.61,75.46,2.21
"PEKKA.RINNE","2010-2011","NSH",64,2951.93,1475,96,93.49,92.77,0.72,98.08,93.4,79.4,10.6
"PEKKA.RINNE","2011-2012","NSH",73,3376.83,1737,127,92.69,93.37,-0.68,98.73,92.28,72.36,-11.87
"PEKKA.RINNE","2012-2013","NSH",43,1964.23,877,63,92.82,93.12,-0.31,97.86,93.98,72.58,-2.68
"PEKKA.RINNE","2013-2014","NSH",24,1101.09,522,52,90.04,93.49,-3.45,98.49,88.89,63.64,-18.03
"PEKKA.RINNE","2014-2015","NSH",64,3057.98,1435,91,93.66,93.37,0.28,98.18,93.17,78.3,4.08
"PEKKA.RINNE","2015-2016","NSH",66,3107.41,1370,109,92.04,92.88,-0.84,98.02,93,73.49,-11.45
"PEKKA.RINNE","2016-2017","NSH",61,2817.47,1359,96,92.94,93.02,-0.08,98.2,93.1,74.75,-1.09
"PEKKA.RINNE","2017-2018","NSH",59,2685.95,1367,86,93.71,92.75,0.96,97.38,93.51,83.33,13.07
"PEKKA.RINNE","2018-2019","NSH",55,2524.77,1239,88,92.9,92.12,0.78,97.38,91.25,85.77,9.64
"PETER.BUDAJ","2007-2008","COL",35,1440.77,630,51,91.9,92.27,-0.37,96.5,93.77,71.43,-2.3
"PETER.BUDAJ","2008-2009","COL",56,2423.2,1139,105,90.78,92.58,-1.8,98.49,88.53,74.31,-20.49
"PETER.BUDAJ","2009-2010","COL",14,567.1,313,20,93.61,92.55,1.06,98.41,94.07,80.77,3.33
"PETER.BUDAJ","2010-2011","COL",45,1880.58,954,82,91.4,92.45,-1.04,97.14,92.57,73.42,-9.94
"PETER.BUDAJ","2011-2012","MTL",17,780.9,395,30,92.41,92.64,-0.24,98.4,93.84,70.97,-0.94
"PETER.BUDAJ","2012-2013","MTL",13,466.93,194,16,91.75,94.4,-2.65,98.31,89.29,60,-5.14
"PETER.BUDAJ","2013-2014","MTL",24,1017.05,472,39,91.74,92.44,-0.7,97.29,93.79,74.44,-3.31
"PETER.BUDAJ","2016-2017","L.A/T.B",60,2650.25,1109,82,92.61,92.53,0.08,98.24,91.33,80.98,0.89
"PETER.BUDAJ","2017-2018","T.B",8,322.88,158,14,91.14,93.27,-2.13,98.48,90.28,70,-3.36
"PETR.MRAZEK","2013-2014","DET",9,358.16,148,13,91.22,91.72,-0.5,98.31,91.38,77.42,-0.74
"PETR.MRAZEK","2014-2015","DET",29,1231.57,549,38,93.08,92.16,0.92,98.09,91.16,83.96,5.03
"PETR.MRAZEK","2015-2016","DET",54,2317.05,1111,77,93.07,92.3,0.77,98.3,93.33,80.18,8.6
"PETR.MRAZEK","2016-2017","DET",50,2292.75,1141,95,91.67,91.94,-0.26,97.83,89.42,82.81,-2.99
"PETR.MRAZEK","2017-2018","DET/PHI",39,1707.62,849,69,91.87,91.88,-0.01,96.58,93.02,79.17,-0.07
"PETR.MRAZEK","2018-2019","CAR",40,1923.98,867,60,93.08,92.13,0.95,96.49,94.51,82.84,8.24
"PHEONIX.COPLEY","2018-2019","WSH",27,1218.92,599,50,91.65,91.72,-0.07,97.84,89.9,80.49,-0.39
"PHILIPP.GRUBAUER","2013-2014","WSH",17,683.8,352,26,92.61,93.24,-0.63,99.44,88.8,78,-2.22
"PHILIPP.GRUBAUER","2015-2016","WSH",22,875.57,401,31,92.27,92.56,-0.29,97.87,89.86,82.67,-1.18
"PHILIPP.GRUBAUER","2016-2017","WSH",24,986.92,432,26,93.98,92.37,1.61,99.52,94.48,78.75,6.95
"PHILIPP.GRUBAUER","2017-2018","WSH",35,1512.92,739,46,93.78,91.57,2.21,99.08,92.16,85.53,16.33
"PHILIPP.GRUBAUER","2018-2019","COL",36,1521.7,785,59,92.48,92.38,0.11,97.98,91.34,78.52,0.85
"RAY.EMERY","2007-2008","OTT",30,1194.48,525,49,90.67,92.56,-1.9,97.45,91.01,67.74,-9.96
"RAY.EMERY","2009-2010","PHI",29,1239.3,577,40,93.07,91.97,1.1,99.13,91.54,81.4,6.33
"RAY.EMERY","2010-2011","ANA",10,418.84,205,12,94.15,93.16,0.99,96.59,96.7,76.92,2.03
"RAY.EMERY","2011-2012","CHI",34,1426.32,644,65,89.91,91.3,-1.4,96.36,90.58,76.71,-8.99
"RAY.EMERY","2012-2013","CHI",21,893.47,358,26,92.74,91.82,0.92,97.33,92.7,83.1,3.28
"RAY.EMERY","2013-2014","PHI",28,1040.99,534,44,91.76,92.53,-0.77,96.23,93.97,76.04,-4.11
"RAY.EMERY","2014-2015","PHI",31,1217.32,572,50,91.26,92.35,-1.09,99.28,90.12,74.38,-6.24
"RETO.BERRA","2013-2014","CGY/COL",31,1418.35,671,64,90.46,92.23,-1.77,96.36,89.57,79.14,-11.89
"RETO.BERRA","2014-2015","COL",19,596.43,305,22,92.79,92.48,0.31,97.86,90,85.45,0.94
"RETO.BERRA","2015-2016","COL",14,568.53,291,15,94.85,93.19,1.66,98.52,91.38,92.5,4.82
"RETO.BERRA","2016-2017","FLA",7,253.08,116,14,87.93,90.73,-2.8,96.08,88.57,73.33,-3.25
"RICHARD.BACHMAN","2011-2012","DAL",18,744.58,378,28,92.59,91.92,0.67,95.58,96.46,80.95,2.55
"RICHARD.BACHMAN","2012-2013","DAL",13,481.21,222,23,89.64,92.06,-2.42,100,84.21,76.09,-5.37
"RICHARD.BACHMAN","2014-2015","EDM",6,277.59,144,9,93.75,91.98,1.77,100,95.35,76.67,2.55
"RICHARD.BACHMAN","2016-2017","VAN",5,249.4,139,11,92.09,90.65,1.43,97.87,94.83,79.41,1.99
"RICK.DIPIETRO","2007-2008","NYI",58,2482.97,1160,94,91.9,91.92,-0.02,98,90.49,82.35,-0.27
"RICK.DIPIETRO","2009-2010","NYI",7,321.14,144,12,91.67,92.72,-1.06,94.92,91.89,72.73,-1.52
"RICK.DIPIETRO","2010-2011","NYI",26,1133.29,563,61,89.17,91.37,-2.21,95.81,90.73,71,-12.44
"RICK.DIPIETRO","2011-2012","NYI",7,287.97,140,13,90.71,91.06,-0.35,98.41,95.24,71.43,-0.49
"ROBERTO.LUONGO","2007-2008","VAN",73,2932.06,1355,98,92.77,92.51,0.26,99.47,91.09,76.05,3.47
"ROBERTO.LUONGO","2008-2009","VAN",53,2242.93,1045,65,93.78,92.13,1.65,97.48,94.31,82.69,17.23
"ROBERTO.LUONGO","2009-2010","VAN",68,2873.58,1388,101,92.72,92.6,0.13,97.48,93.45,76.14,1.78
"ROBERTO.LUONGO","2010-2011","VAN",60,2747.69,1349,89,93.4,92.29,1.12,98.53,94.49,76.7,15.07
"ROBERTO.LUONGO","2011-2012","VAN",55,2433.38,1203,85,92.93,92.04,0.89,98.61,93.8,77.92,10.74
"ROBERTO.LUONGO","2012-2013","VAN",20,931.64,441,35,92.06,92.42,-0.35,96.37,93.37,79.27,-1.56
"ROBERTO.LUONGO","2013-2014","VAN/FLA",56,2527.95,1254,92,92.66,92.77,-0.11,98.07,93.27,75.81,-1.39
"ROBERTO.LUONGO","2014-2015","FLA",61,2783.36,1318,89,93.25,93.24,0.01,97.97,91.95,79.38,0.1
"ROBERTO.LUONGO","2015-2016","FLA",62,2813.25,1378,90,93.47,92.73,0.73,98.17,93.9,78.93,10.12
"ROBERTO.LUONGO","2016-2017","FLA",40,1807.28,941,81,91.39,92.31,-0.92,97.52,91.79,74.4,-8.64
"ROBERTO.LUONGO","2017-2018","FLA",35,1582.89,894,60,93.29,92.24,1.05,98.1,95.15,77.3,9.41
"ROBERTO.LUONGO","2018-2019","FLA",43,1906.15,994,93,90.64,91.63,-0.99,98.07,87.05,79.08,-9.81
"ROBIN.LEHNER","2010-2011","OTT",8,279.7,132,14,89.39,92.9,-3.51,98.31,87.5,64.71,-4.63
"ROBIN.LEHNER","2011-2012","OTT",5,244.7,132,6,95.45,91.46,3.99,100,97.67,82.14,5.27
"ROBIN.LEHNER","2012-2013","OTT",12,568.25,325,22,93.23,92.91,0.32,96.13,93.97,83.33,1.05
"ROBIN.LEHNER","2013-2014","OTT",35,1456.3,830,67,91.93,92.27,-0.34,98.94,91.4,77.46,-2.83
"ROBIN.LEHNER","2014-2015","OTT",25,1144,615,56,90.89,92.39,-1.5,97.08,86.91,81.03,-9.22
"ROBIN.LEHNER","2015-2016","BUF",21,901.68,485,35,92.78,93.5,-0.72,97.1,92.48,77.63,-3.48
"ROBIN.LEHNER","2016-2017","BUF",59,2765.44,1504,109,92.75,93.21,-0.45,98.65,91.59,74.68,-6.83
"ROBIN.LEHNER","2017-2018","BUF",53,2269.59,1203,95,92.1,92.56,-0.46,97.74,90.69,77.88,-5.5
"ROBIN.LEHNER","2018-2019","NYI",45,2113.65,1036,69,93.34,92.25,1.09,97.94,93.48,80.77,11.34
"ROB.ZEPP","2014-2015","PHI",10,420.3,171,19,88.89,92.32,-3.43,97.73,86.27,68.75,-5.87
"RYAN.MILLER","2007-2008","BUF",71,2992.42,1416,117,91.74,92.43,-0.69,96.82,91.73,75.14,-9.76
"RYAN.MILLER","2008-2009","BUF",59,2502.97,1269,92,92.75,93.22,-0.47,97.6,92.19,75.68,-6.02
"RYAN.MILLER","2009-2010","BUF",69,3117.7,1597,114,92.86,92.34,0.53,97.38,92.93,81.01,8.39
"RYAN.MILLER","2010-2011","BUF",66,2959.88,1483,109,92.65,92.53,0.12,97.44,92.06,79.9,1.8
"RYAN.MILLER","2011-2012","BUF",61,2826.69,1393,103,92.61,92.44,0.16,97.38,94.58,78.37,2.27
"RYAN.MILLER","2012-2013","BUF",40,1744.78,940,72,92.34,92.16,0.18,97.07,93.45,79.33,1.68
"RYAN.MILLER","2013-2014","BUF/STL",59,2721.95,1429,114,92.02,92.69,-0.67,98.53,90.54,77.2,-9.58
"RYAN.MILLER","2014-2015","VAN",45,2001.1,947,83,91.24,92.01,-0.77,97.01,89.23,81.28,-7.33
"RYAN.MILLER","2015-2016","VAN",51,2426.62,1267,90,92.9,92.13,0.77,98.52,93.53,79.52,9.71
"RYAN.MILLER","2016-2017","VAN",54,2677.7,1415,104,92.65,92.02,0.63,97.08,94.64,79.06,8.96
"RYAN.MILLER","2017-2018","ANA",28,1051.25,521,29,94.43,92.32,2.11,99.18,93.26,85,11.01
"RYAN.MILLER","2018-2019","ANA",20,890.38,447,32,92.84,91.71,1.13,98.87,91.85,82.56,5.04
"SAM.MONTEMBEAULT","2018-2019","FLA",11,490.73,232,24,89.66,90.54,-0.89,98.08,85.29,80,-2.06
"SCOTT.CLEMMENSEN","2008-2009","N.J",40,1817.04,855,61,92.87,92.77,0.1,99.45,92.45,73.73,0.84
"SCOTT.CLEMMENSEN","2009-2010","FLA",23,939.25,517,43,91.68,92.73,-1.05,97.14,90.46,78.79,-5.41
"SCOTT.CLEMMENSEN","2010-2011","FLA",30,1325.93,636,51,91.98,93.12,-1.14,98.31,91.05,72.62,-7.27
"SCOTT.CLEMMENSEN","2011-2012","FLA",30,1265.22,622,47,92.44,92.84,-0.4,98.28,89.61,82.18,-2.48
"SCOTT.CLEMMENSEN","2012-2013","FLA",19,700.2,333,39,88.29,91.49,-3.2,95.56,89.43,73.33,-10.65
"SCOTT.CLEMMENSEN","2013-2014","FLA",17,697.33,344,27,92.15,91.65,0.5,98.06,92.17,79.73,1.72
"SCOTT.DARLING","2014-2015","CHI",14,663.95,327,17,94.8,92.28,2.52,98.51,96.75,84.29,8.24
"SCOTT.DARLING","2015-2016","CHI",29,1283.68,620,51,91.77,92.42,-0.65,96.92,92.82,77.31,-4
"SCOTT.DARLING","2016-2017","CHI",32,1416.84,717,45,93.72,91.52,2.21,97.7,93.88,86.31,15.81
"SCOTT.DARLING","2017-2018","CAR",43,2047.64,974,96,90.14,91.61,-1.47,96.62,89.94,77.83,-14.3
"SCOTT.DARLING","2018-2019","CAR",8,392.83,192,24,87.5,91.01,-3.51,95.95,85.53,76.19,-6.74
"SCOTT.WEDGEWOOD","2017-2018","ARI",20,897.12,491,43,91.24,91.58,-0.34,98.19,89.24,80.36,-1.67
"SEMYON.VARLAMOV","2008-2009","WSH",6,236.33,113,8,92.92,91.96,0.96,97.62,94,80.95,1.08
"SEMYON.VARLAMOV","2009-2010","WSH",26,1179.33,550,37,93.27,92.55,0.72,95.69,93.38,85.51,3.95
"SEMYON.VARLAMOV","2010-2011","WSH",27,1187.22,571,36,93.7,92.69,1.01,98,95.4,75.61,5.74
"SEMYON.VARLAMOV","2011-2012","COL",53,2491.29,1239,94,92.41,92.21,0.2,97.68,93.65,78.21,2.52
"SEMYON.VARLAMOV","2012-2013","COL",35,1513.7,746,66,91.15,92.11,-0.96,98.37,89.49,79.31,-7.14
"SEMYON.VARLAMOV","2013-2014","COL",63,2880.85,1540,97,93.7,92.46,1.24,98.52,93.86,80.43,19.08
"SEMYON.VARLAMOV","2014-2015","COL",57,2614.45,1381,114,91.75,92.26,-0.52,97.38,91.33,78.29,-7.13
"SEMYON.VARLAMOV","2015-2016","COL",57,2550.82,1364,105,92.3,92.47,-0.17,96.42,92.45,81.32,-2.33
"SEMYON.VARLAMOV","2016-2017","COL",24,1052.45,572,56,90.21,92.64,-2.43,98.18,89.25,72.32,-13.92
"SEMYON.VARLAMOV","2017-2018","COL",51,2211.1,1213,81,93.32,92.54,0.79,97.43,93.92,80.19,9.54
"SEMYON.VARLAMOV","2018-2019","COL",48,2182.22,1115,89,92.02,92,0.02,98.17,89.86,79.81,0.21
"SERGEI.BOBROVSKY","2010-2011","PHI",54,2313.58,1181,87,92.63,91.98,0.65,98.57,92.2,79.31,7.72
"SERGEI.BOBROVSKY","2011-2012","PHI",29,1136.22,556,48,91.37,91.64,-0.28,98.12,90.75,80.17,-1.53
"SERGEI.BOBROVSKY","2012-2013","CBJ",38,1744.31,859,50,94.18,92.96,1.22,98,93.26,83.69,10.47
"SERGEI.BOBROVSKY","2013-2014","CBJ",58,2565.25,1282,86,93.29,92.96,0.33,97.97,92.79,80.19,4.24
"SERGEI.BOBROVSKY","2014-2015","CBJ",51,2327.25,1197,90,92.48,92.93,-0.45,98.41,89.61,81.82,-5.37
"SERGEI.BOBROVSKY","2015-2016","CBJ",37,1683.65,814,69,91.52,92.53,-1.01,96.63,91.1,77.94,-8.23
"SERGEI.BOBROVSKY","2016-2017","CBJ",63,3000.4,1451,89,93.87,91.97,1.89,97.71,93.45,85.71,27.47
"SERGEI.BOBROVSKY","2017-2018","CBJ",65,3201.35,1605,102,93.64,91.53,2.11,97.96,92.84,85.46,33.93
"SERGEI.BOBROVSKY","2018-2019","CBJ",61,2881.48,1449,119,91.79,91.77,0.01,97.29,89.18,83.73,0.2
"STEPHEN.VALIQUETTE","2007-2008","NYR",13,504.92,228,17,92.54,92.5,0.05,98.89,91.07,76.92,0.11
"STEPHEN.VALIQUETTE","2008-2009","NYR",15,592.55,295,26,91.19,91.61,-0.42,97.78,91.39,79.63,-1.25
"STEVE.MASON","2008-2009","CBJ",61,2708.71,1156,86,92.56,92.32,0.24,98.03,93.1,78.12,2.75
"STEVE.MASON","2009-2010","CBJ",57,2407.53,1188,107,90.99,92.77,-1.78,97.18,89.24,77.6,-21.09
"STEVE.MASON","2010-2011","CBJ",54,2275.29,1143,100,91.25,92.71,-1.46,98,92.1,67.7,-16.69
"STEVE.MASON","2011-2012","CBJ",46,1989.85,1080,95,91.2,93.11,-1.91,98.15,89.78,72.02,-20.64
"STEVE.MASON","2012-2013","CBJ/PHI",20,854.82,450,41,90.89,92.47,-1.58,95.02,93.25,76.74,-7.1
"STEVE.MASON","2013-2014","PHI",61,2652.8,1374,102,92.58,93.22,-0.65,96.95,93.47,75.6,-8.91
"STEVE.MASON","2014-2015","PHI",51,2293.23,1172,66,94.37,92.82,1.55,99.17,96.35,77.14,18.2
"STEVE.MASON","2015-2016","PHI",54,2445.47,1267,82,93.53,92.3,1.23,98.81,94.33,79.92,15.53
"STEVE.MASON","2016-2017","PHI",58,2525.4,1227,100,91.85,92.29,-0.44,98.65,91.82,75.41,-5.35
"STEVE.MASON","2017-2018","WPG",13,531.58,294,24,91.84,91.54,0.3,97.93,91.76,78.12,0.87
"THATCHER.DEMKO","2018-2019","VAN",8,391.22,209,16,92.34,92.71,-0.37,98.13,88.41,81.82,-0.77
"THOMAS.GREISS","2009-2010","S.J",15,555.1,287,22,92.33,91.49,0.84,99.03,93.89,75.47,2.41
"THOMAS.GREISS","2011-2012","S.J",19,827.31,366,25,93.17,92.67,0.5,96.28,94.87,80.33,1.83
"THOMAS.GREISS","2012-2013","S.J",6,239.6,121,10,91.74,92.02,-0.28,92.86,93.18,85.71,-0.34
"THOMAS.GREISS","2013-2014","ARI",25,1050.58,492,30,93.9,93.01,0.89,97.15,93.53,84.21,4.4
"THOMAS.GREISS","2014-2015","PIT",20,895.14,387,31,91.99,92.86,-0.87,97.98,89.34,79.1,-3.37
"THOMAS.GREISS","2015-2016","NYI",41,1827.1,931,61,93.45,91.66,1.79,97.52,94.58,83.92,16.62
"THOMAS.GREISS","2016-2017","NYI",51,2323.54,1182,94,92.05,91.43,0.61,98.12,91.86,81.68,7.25
"THOMAS.GREISS","2017-2018","NYI",27,1244.22,705,66,90.64,91.75,-1.11,98.03,92.05,71.32,-7.82
"THOMAS.GREISS","2018-2019","NYI",43,1839.62,926,57,93.84,92.24,1.61,98.42,92.16,84.76,14.87
"TIM.THOMAS","2008-2009","BOS",53,2410.85,1222,67,94.52,92.72,1.8,98.85,95.74,78.92,21.94
"TIM.THOMAS","2009-2010","BOS",43,1908.55,915,80,91.26,92.89,-1.63,97.6,89.44,76.81,-14.94
"TIM.THOMAS","2010-2011","BOS",57,2671.78,1418,72,94.92,92.61,2.31,99.38,93.81,84.21,32.78
"TIM.THOMAS","2011-2012","BOS",59,2645.43,1293,97,92.5,93.05,-0.55,97.24,92.94,77.21,-7.15
"TIM.THOMAS","2013-2014","FLA/DAL",48,2080.15,1048,96,90.84,92.31,-1.47,98.95,89.43,72.83,-15.41
"TOBIAS.STEPHAN","2008-2009","DAL",10,294.48,149,16,89.26,91.72,-2.46,94.59,92.05,70.83,-3.66
"TOMAS.VOKOUN","2007-2008","FLA",68,2895.68,1552,115,92.59,92.47,0.12,97.39,92.54,78.33,1.82
"TOMAS.VOKOUN","2008-2009","FLA",59,2560.5,1443,93,93.56,92.76,0.8,99.37,92.62,77.78,11.49
"TOMAS.VOKOUN","2009-2010","FLA",63,2837.72,1590,101,93.65,92.74,0.91,98.66,93.09,79.33,14.48
"TOMAS.VOKOUN","2010-2011","FLA",57,2552.23,1355,109,91.96,92.85,-0.89,96.9,91.32,77.89,-12.08
"TOMAS.VOKOUN","2011-2012","WSH",47,2084.8,1034,73,92.94,92.84,0.1,97.48,95.83,74.73,1.02
"TOMAS.VOKOUN","2012-2013","PIT",20,803.43,410,25,93.9,93.17,0.74,98.53,92.7,82.61,3.02
"TRISTAN.JARRY","2017-2018","PIT",26,1095.46,531,49,90.77,91.89,-1.11,97.98,88.77,76.29,-5.92
"TUUKKA.RASK","2009-2010","BOS",45,2000.7,926,59,93.63,92.66,0.97,97.69,93.6,81.54,9
"TUUKKA.RASK","2010-2011","BOS",29,1264.08,683,52,92.39,92.4,-0.02,97.74,92.52,77.32,-0.11
"TUUKKA.RASK","2011-2012","BOS",23,1049.54,494,36,92.71,92.93,-0.21,96.34,90.12,87.21,-1.06
"TUUKKA.RASK","2012-2013","BOS",36,1695.25,788,50,93.65,92.35,1.3,98.71,91.87,83.77,10.25
"TUUKKA.RASK","2013-2014","BOS",58,2755.67,1285,74,94.24,93.63,0.61,98.12,92.89,82.7,7.9
"TUUKKA.RASK","2014-2015","BOS",70,3250.55,1602,110,93.13,93.4,-0.26,98.48,91.84,76.29,-4.23
"TUUKKA.RASK","2015-2016","BOS",64,2944.66,1466,109,92.56,92.74,-0.18,98.52,92.39,74.48,-2.6
"TUUKKA.RASK","2016-2017","BOS",65,2886.45,1252,100,92.01,92.74,-0.72,98.25,90.78,75.83,-9.05
"TUUKKA.RASK","2017-2018","BOS",54,2534.03,1142,88,92.29,92.23,0.06,97.49,91.37,80.37,0.69
"TUUKKA.RASK","2018-2019","BOS",46,2156.92,958,70,92.69,92.39,0.3,96.67,93.13,81.5,2.88
"TY.CONKLIN","2007-2008","PIT",29,1265.58,674,39,94.21,93.06,1.15,99.32,93.79,75,7.77
"TY.CONKLIN","2008-2009","DET",39,1626.65,735,55,92.52,92.42,0.1,97.68,91.02,81.82,0.7
"TY.CONKLIN","2009-2010","STL",26,1065.61,541,44,91.87,92.32,-0.46,96.52,91.22,82.05,-2.47
"TY.CONKLIN","2010-2011","STL",25,1003.15,447,49,89.04,92.6,-3.56,95.93,89.86,69.12,-15.91
"TY.CONKLIN","2011-2012","DET",15,646.23,303,27,91.09,91.4,-0.31,98.44,95.24,71.43,-0.95
"VESA.TOSKALA","2007-2008","TOR",63,2586.67,1174,98,91.65,92.15,-0.49,96.39,92.68,76.02,-5.79
"VESA.TOSKALA","2008-2009","TOR",52,2225.52,1063,100,90.59,92.11,-1.52,96.58,89.91,77.65,-16.16
"VESA.TOSKALA","2009-2010","TOR/CGY",32,1225.13,565,56,90.09,92.35,-2.27,94.67,90.4,77.78,-12.8
"VIKTOR.FASTH","2012-2013","ANA",25,1141.32,537,41,92.36,92.17,0.19,97.5,93.01,80.18,1.04
"VIKTOR.FASTH","2013-2014","ANA/EDM",12,539.18,252,25,90.08,92.13,-2.05,97.17,90.32,75.47,-5.16
"VIKTOR.FASTH","2014-2015","EDM",26,1076.42,547,57,89.58,91.58,-2,96.19,87.1,80.8,-10.95
"WADE.DUBIELEWICZ","2007-2008","NYI",20,805.7,419,29,93.08,92.12,0.96,94.37,96.36,77.19,4.03
"YANN.DANIS","2008-2009","NYI",31,1341.48,680,51,92.5,92.04,0.46,98.02,92.41,80.18,3.14
"YANN.DANIS","2009-2010","N.J",12,377.42,166,10,93.98,91.94,2.04,98.48,95.71,80,3.38
"ZANE.MCINTYRE","2016-2017","BOS",8,272.09,118,16,86.44,91.05,-4.61,98.08,94.29,58.06,-5.44
