"Team","Season","GP","TOI","CF","CA","C+/-","CF%","CF/60","CA/60","GF","GA","G+/-","GF%","GF/60","GA/60","xGF","xGA","xG+/-","xGF%","xGF/60","xGA/60","PENT","PEND","P+/-","Sh%","Sv%","PDO"
"ANA","2007-2008",81,3396.38,2596,2523,73,50.71,45.86,44.57,107,95,12,52.97,1.89,1.68,108.93,114.61,-5.68,48.73,1.92,2.02,406,372,-34,7.3,93.62,100.93
"ANA","2008-2009",82,3645.19,3060,2945,115,50.96,50.37,48.47,145,130,15,52.73,2.39,2.14,134.91,129.11,5.8,51.1,2.22,2.13,407,337,-70,8.4,92.42,100.82
"ANA","2009-2010",82,3746.91,3141,3493,-352,47.35,50.3,55.93,146,144,2,50.34,2.34,2.31,132.19,156.27,-24.08,45.83,2.12,2.5,378,351,-27,8.23,92.75,100.98
"ANA","2010-2011",82,3852.9,3024,3794,-770,44.35,47.09,59.08,134,154,-20,46.53,2.09,2.4,123.01,156.05,-33.04,44.08,1.92,2.43,336,309,-27,7.87,92.31,100.18
"ANA","2011-2012",82,3890.68,3326,3526,-200,48.54,51.29,54.38,138,154,-16,47.26,2.13,2.37,133.14,149.34,-16.2,47.13,2.05,2.3,274,260,-14,7.99,91.66,99.65
"ANA","2012-2013",48,2319.8,1970,2140,-170,47.93,50.95,55.35,89,72,17,55.28,2.3,1.86,81.87,81.65,0.22,50.07,2.12,2.11,162,137,-25,8.59,93.01,101.6
"ANA","2013-2014",82,3822.9,3500,3528,-28,49.8,54.93,55.37,187,133,54,58.44,2.93,2.09,153.17,144.53,8.64,51.45,2.4,2.27,292,293,1,9.83,92.62,102.45
"ANA","2014-2015",82,3902.03,3610,3474,136,50.96,55.51,53.42,158,149,9,51.47,2.43,2.29,149.09,136.88,12.21,52.13,2.29,2.1,263,251,-12,8.48,91.82,100.3
"ANA","2015-2016",82,3882.25,3646,3310,336,52.42,56.35,51.16,128,131,-3,49.42,1.98,2.02,146.06,129.48,16.58,53.01,2.26,2,329,272,-57,6.69,92.39,99.08
"ANA","2016-2017",82,3869.85,3495,3542,-47,49.67,54.19,54.92,145,128,17,53.11,2.25,1.98,152.87,140.98,11.89,52.02,2.37,2.19,304,275,-29,7.77,92.98,100.75
"ANA","2017-2018",82,3925.6,3653,3860,-207,48.62,55.83,59,158,135,23,53.92,2.41,2.06,153.84,163.93,-10.09,48.41,2.35,2.51,271,223,-48,8.16,93.35,101.51
"ANA","2018-2019",81,3921.45,3539,3903,-364,47.55,54.15,59.72,136,152,-16,47.22,2.08,2.33,141.67,171.86,-30.19,45.19,2.17,2.63,242,204,-38,7.46,92.55,100.01
"ARI","2007-2008",81,3641.48,3173,3304,-131,48.99,52.28,54.44,121,133,-12,47.64,1.99,2.19,124.72,135.63,-10.91,47.9,2.05,2.23,322,317,-5,6.62,92.79,99.41
"ARI","2008-2009",81,3733.4,3044,3639,-595,45.55,48.92,58.48,126,158,-32,44.37,2.02,2.54,116.34,136.9,-20.56,45.94,1.87,2.2,321,351,30,7.59,91.85,99.44
"ARI","2009-2010",82,3697.48,3421,3159,262,51.99,55.51,51.26,148,123,25,54.61,2.4,2,134.86,125.55,9.31,51.79,2.19,2.04,267,269,2,7.89,92.91,100.8
"ARI","2010-2011",82,3863.82,3646,3608,38,50.26,56.62,56.03,156,132,24,54.17,2.42,2.05,140.67,148.69,-8.02,48.61,2.18,2.31,277,272,-5,8.03,93.31,101.34
"ARI","2011-2012",82,3957.78,3681,3717,-36,49.76,55.8,56.35,158,141,17,52.84,2.4,2.14,149.41,153.88,-4.47,49.26,2.27,2.33,249,242,-7,8.07,93.07,101.15
"ARI","2012-2013",48,2265.41,2173,2117,56,50.65,57.55,56.07,86,81,5,51.5,2.28,2.15,84.2,87.15,-2.95,49.14,2.23,2.31,157,166,9,7.42,92.93,100.35
"ARI","2013-2014",82,3878.63,3584,3505,79,50.56,55.44,54.22,137,133,4,50.74,2.12,2.06,127.79,142.76,-14.97,47.23,1.98,2.21,265,266,1,7.26,93.01,100.27
"ARI","2014-2015",82,3947.18,3612,3812,-200,48.65,54.91,57.95,106,173,-67,37.99,1.61,2.63,132.22,155.95,-23.73,45.88,2.01,2.37,260,245,-15,5.72,91.52,97.24
"ARI","2015-2016",82,3771.58,3233,3674,-441,46.81,51.43,58.45,129,136,-7,48.68,2.05,2.16,122.67,140.42,-17.75,46.63,1.95,2.23,313,294,-19,7.67,92.96,100.63
"ARI","2016-2017",82,3984.29,3415,4163,-748,45.06,51.43,62.69,132,168,-36,44,1.99,2.53,128.76,178.02,-49.26,41.97,1.94,2.68,253,240,-13,7.28,92.44,99.72
"ARI","2017-2018",82,4000.96,3742,4054,-312,48,56.12,60.8,138,164,-26,45.7,2.07,2.46,141.56,164.97,-23.41,46.18,2.12,2.47,213,223,10,7.28,92.15,99.43
"ARI","2018-2019",81,3895.55,3662,3852,-190,48.74,56.4,59.33,130,155,-25,45.61,2,2.39,148.03,152.67,-4.64,49.23,2.28,2.35,206,242,36,6.7,92.14,98.84
"ATL","2007-2008",80,3587.92,2553,3388,-835,42.97,42.69,56.66,120,167,-47,41.81,2.01,2.79,115.91,152.26,-36.35,43.22,1.94,2.55,327,270,-57,8.27,91.55,99.82
"ATL","2008-2009",82,3616.12,2922,3393,-471,46.27,48.48,56.3,147,161,-14,47.73,2.44,2.67,133.6,152.28,-18.68,46.73,2.22,2.53,392,368,-24,9.02,91.67,100.69
"ATL","2009-2010",82,3702.9,3246,3435,-189,48.59,52.6,55.66,161,169,-8,48.79,2.61,2.74,132.37,157.6,-25.23,45.65,2.14,2.55,336,330,-6,8.98,91.52,100.5
"ATL","2010-2011",82,3911,3583,3773,-190,48.71,54.97,57.88,139,167,-28,45.42,2.13,2.56,144.7,159.3,-14.6,47.6,2.22,2.44,281,270,-11,7.03,91.79,98.82
"BOS","2007-2008",31,1137.06,1016,902,114,52.97,53.61,47.6,34,39,-5,46.58,1.79,2.06,39.74,37.68,2.06,51.33,2.1,1.99,101,99,-2,6.24,91.98,98.21
"BOS","2008-2009",81,3737.65,3306,3237,69,50.53,53.07,51.96,165,112,53,59.57,2.65,1.8,139.16,134.5,4.66,50.85,2.23,2.16,309,319,10,9.08,93.98,103.06
"BOS","2009-2010",82,3909.25,3614,3254,360,52.62,55.47,49.94,130,139,-9,48.33,2,2.13,137.46,125.85,11.61,52.2,2.11,1.93,292,284,-8,6.53,92.45,98.98
"BOS","2010-2011",82,3935.86,3886,3777,109,50.71,59.24,57.58,176,124,52,58.67,2.68,1.89,148.85,152.57,-3.72,49.38,2.27,2.33,310,315,5,8.32,94.1,102.42
"BOS","2011-2012",82,3963.35,3952,3396,556,53.78,59.83,51.41,190,145,45,56.72,2.88,2.2,153.56,128.66,24.9,54.41,2.32,1.95,306,306,0,9.02,92.4,101.42
"BOS","2012-2013",48,2323.98,2391,2005,386,54.39,61.73,51.76,92,74,18,55.42,2.38,1.91,94.21,82.75,11.46,53.24,2.43,2.14,177,146,-31,7.31,93.18,100.49
"BOS","2013-2014",82,3993.08,3878,3321,557,53.87,58.27,49.9,175,111,64,61.19,2.63,1.67,149.09,124.3,24.79,54.53,2.24,1.87,282,265,-17,8.45,93.99,102.44
"BOS","2014-2015",82,4014.31,3729,3486,243,51.68,55.74,52.1,140,137,3,50.54,2.09,2.05,136,130.39,5.61,51.05,2.03,1.95,255,231,-24,7.12,92.94,100.06
"BOS","2015-2016",82,3946.97,3608,3675,-67,49.54,54.85,55.87,159,152,7,51.13,2.42,2.31,137.99,141.33,-3.34,49.4,2.1,2.15,306,260,-46,7.78,92.28,100.06
"BOS","2016-2017",82,3869.08,3882,3217,665,54.68,60.2,49.89,143,147,-4,49.31,2.22,2.28,156.98,127.28,29.7,55.22,2.43,1.97,299,261,-38,6.86,91.31,98.17
"BOS","2017-2018",82,3932.75,3903,3351,552,53.8,59.55,51.12,164,137,27,54.49,2.5,2.09,157.55,137.02,20.53,53.48,2.4,2.09,255,263,8,7.82,92.34,100.16
"BOS","2018-2019",82,3993.1,3866,3421,445,53.05,58.09,51.4,155,126,29,55.16,2.33,1.89,151.38,138.94,12.44,52.14,2.27,2.09,258,259,1,7.3,93.16,100.46
"BUF","2007-2008",76,3331.35,2791,2840,-49,49.56,50.27,51.15,151,139,12,52.07,2.72,2.5,119.83,118.08,1.75,50.37,2.16,2.13,280,317,37,9.42,91.12,100.54
"BUF","2008-2009",82,3609.13,3163,3259,-96,49.25,52.58,54.18,149,145,4,50.68,2.48,2.41,131.47,125.4,6.07,51.18,2.19,2.08,332,353,21,8.2,92.05,100.24
"BUF","2009-2010",82,3745.89,3414,3372,42,50.31,54.68,54.01,153,143,10,51.69,2.45,2.29,147.96,143.79,4.17,50.71,2.37,2.3,283,311,28,7.83,92.54,100.37
"BUF","2010-2011",82,3853.65,3597,3538,59,50.41,56,55.09,161,143,18,52.96,2.51,2.23,150.08,138.61,11.47,51.99,2.34,2.16,305,289,-16,7.82,92.47,100.29
"BUF","2011-2012",82,3955.14,3447,3598,-151,48.93,52.29,54.58,151,146,5,50.84,2.29,2.21,136.25,147.73,-11.48,47.98,2.07,2.24,288,282,-6,8.11,92.63,100.73
"BUF","2012-2013",48,2237.58,1811,2204,-393,45.11,48.56,59.1,80,89,-9,47.34,2.15,2.39,70.2,89.76,-19.56,43.89,1.88,2.41,185,185,0,8,92.58,100.58
"BUF","2013-2014",82,3890.77,3010,3982,-972,43.05,46.42,61.41,96,166,-70,36.64,1.48,2.56,117.79,161.8,-44.01,42.13,1.82,2.5,267,271,4,5.84,92.29,98.13
"BUF","2014-2015",82,3978.82,2647,4413,-1766,37.49,39.92,66.55,109,174,-65,38.52,1.64,2.62,112.37,168.39,-56.02,40.02,1.69,2.54,259,247,-12,7.14,92.41,99.55
"BUF","2015-2016",82,3976.95,3313,3656,-343,47.54,49.98,55.16,121,148,-27,44.98,1.83,2.23,125.65,139.27,-13.62,47.43,1.9,2.1,227,253,26,6.6,92.52,99.12
"BUF","2016-2017",82,4031.08,3488,3896,-408,47.24,51.92,57.99,126,155,-29,44.84,1.88,2.31,138.45,152.6,-14.15,47.57,2.06,2.27,243,228,-15,6.41,92.92,99.33
"BUF","2017-2018",82,3936.74,3369,3712,-343,47.58,51.35,56.57,119,175,-56,40.48,1.81,2.67,126.82,154.68,-27.86,45.05,1.93,2.36,212,235,23,6.16,91.63,97.79
"BUF","2018-2019",82,4031.57,3753,3764,-11,49.93,55.85,56.02,153,185,-32,45.27,2.28,2.75,148.16,161.66,-13.5,47.82,2.2,2.41,204,225,21,7.18,91.54,98.72
"CAR","2007-2008",79,3374.38,3276,3015,261,52.07,58.25,53.61,148,143,5,50.86,2.63,2.54,138.93,136.63,2.3,50.42,2.47,2.43,322,381,59,8.26,91.12,99.38
"CAR","2008-2009",82,3645.27,3641,3344,297,52.13,59.93,55.04,133,136,-3,49.44,2.19,2.24,149.21,145.48,3.73,50.63,2.46,2.39,264,344,80,6.85,92.17,99.02
"CAR","2009-2010",81,3679.53,3360,3521,-161,48.83,54.79,57.41,136,152,-16,47.22,2.22,2.48,140.46,155.97,-15.51,47.38,2.29,2.54,292,306,14,7.85,91.81,99.66
"CAR","2010-2011",82,3737,3696,3842,-146,49.03,59.34,61.69,149,155,-6,49.01,2.39,2.49,153.17,165.71,-12.54,48.03,2.46,2.66,257,331,74,8.03,92.42,100.44
"CAR","2011-2012",82,3894.5,3618,3864,-246,48.36,55.74,59.53,137,158,-21,46.44,2.11,2.43,153.17,169.89,-16.72,47.41,2.36,2.62,235,277,42,7.31,92.35,99.66
"CAR","2012-2013",48,2268.18,2337,2190,147,51.62,61.82,57.93,88,104,-16,45.83,2.33,2.75,96.2,103.77,-7.57,48.11,2.54,2.75,157,163,6,7.28,91.21,98.49
"CAR","2013-2014",82,3938.25,3818,3776,42,50.28,58.17,57.53,137,150,-13,47.74,2.09,2.29,153.22,163.72,-10.5,48.34,2.33,2.49,225,255,30,6.87,92.61,99.47
"CAR","2014-2015",82,4001.27,3779,3439,340,52.36,56.67,51.57,125,161,-36,43.71,1.87,2.41,156.05,149.05,7,51.15,2.34,2.24,179,232,53,6.2,90.98,97.18
"CAR","2015-2016",82,4037,3684,3476,208,51.45,54.75,51.66,132,159,-27,45.36,1.96,2.36,155.8,156.64,-0.84,49.87,2.32,2.33,188,229,41,6.89,91.41,98.3
"CAR","2016-2017",82,4042.65,3803,3597,206,51.39,56.44,53.39,146,170,-24,46.2,2.17,2.52,167.25,160.79,6.46,50.98,2.48,2.39,171,209,38,7.43,91.17,98.6
"CAR","2017-2018",82,4086.27,4257,3558,699,54.47,62.51,52.24,155,177,-22,46.69,2.28,2.6,176.38,155.64,20.74,53.12,2.59,2.29,186,214,28,7.04,90.97,98.01
"CAR","2018-2019",81,3917.43,4188,3473,715,54.67,64.14,53.19,158,147,11,51.8,2.42,2.25,200.1,154.27,45.83,56.47,3.06,2.36,222,226,4,7.21,92,99.21
"CBJ","2007-2008",82,3529.83,2885,2618,267,52.43,49.04,44.5,109,122,-13,47.19,1.85,2.07,116.8,101.86,14.94,53.42,1.99,1.73,369,359,-10,6.52,91.98,98.51
"CBJ","2008-2009",82,3683.35,3101,2859,242,52.03,50.51,46.57,151,131,20,53.55,2.46,2.13,127.02,114.97,12.05,52.49,2.07,1.87,353,338,-15,8.61,91.68,100.29
"CBJ","2009-2010",81,3716.38,2934,3186,-252,47.94,47.37,51.44,131,164,-33,44.41,2.11,2.65,116.91,125.87,-8.96,48.15,1.89,2.03,315,285,-30,7.65,90.88,98.53
"CBJ","2010-2011",82,3775.22,3412,3286,126,50.94,54.23,52.22,138,158,-20,46.62,2.19,2.51,134.65,134.5,0.15,50.03,2.14,2.14,346,321,-25,7.48,91.26,98.74
"CBJ","2011-2012",82,3807.95,3122,3443,-321,47.56,49.19,54.25,130,162,-32,44.52,2.05,2.55,127.19,132.34,-5.15,49.01,2,2.09,300,325,25,7.34,91.78,99.12
"CBJ","2012-2013",48,2294.78,1811,2031,-220,47.14,47.35,53.1,83,79,4,51.23,2.17,2.07,66.86,77.46,-10.6,46.33,1.75,2.03,188,181,-7,8.71,93.01,101.72
"CBJ","2013-2014",82,3838.15,3348,3361,-13,49.9,52.34,52.54,148,136,12,52.11,2.31,2.13,130.35,124.28,6.07,51.19,2.04,1.94,292,276,-16,8.06,92.78,100.84
"CBJ","2014-2015",82,3869.97,3234,3601,-367,47.32,50.14,55.83,145,166,-21,46.62,2.25,2.57,133.26,149.06,-15.8,47.2,2.07,2.31,318,277,-41,7.97,91.87,99.85
"CBJ","2015-2016",82,3916.13,3429,3713,-284,48.01,52.54,56.89,148,159,-11,48.21,2.27,2.44,165.63,154.52,11.11,51.74,2.54,2.37,303,286,-17,7.89,91.88,99.78
"CBJ","2016-2017",82,3994.15,3717,3672,45,50.3,55.84,55.16,168,132,36,56,2.52,1.98,164.41,164.44,-0.03,50,2.47,2.47,240,243,3,8.18,93.26,101.44
"CBJ","2017-2018",82,4047.52,4036,3793,243,51.55,59.83,56.23,168,147,21,53.33,2.49,2.18,182.39,168.76,13.63,51.94,2.7,2.5,198,215,17,7.44,92.85,100.28
"CBJ","2018-2019",81,4034.57,3694,3680,14,50.09,54.94,54.73,180,169,11,51.58,2.68,2.51,162.06,159.86,2.21,50.34,2.41,2.38,164,209,45,8.62,91.58,100.19
"CGY","2007-2008",82,3578.25,3042,2747,295,52.55,51.01,46.06,142,130,12,52.21,2.38,2.18,131.41,117.36,14.05,52.82,2.2,1.97,392,349,-43,8.71,92.04,100.75
"CGY","2008-2009",81,3562.4,3600,2858,742,55.74,60.63,48.14,160,150,10,51.61,2.69,2.53,143.76,125.1,18.66,53.47,2.42,2.11,382,378,-4,8.3,91.06,99.36
"CGY","2009-2010",82,3811,3511,3259,252,51.86,55.28,51.31,132,135,-3,49.44,2.08,2.13,131.42,128.79,2.63,50.51,2.07,2.03,338,332,-6,7.36,92.35,99.71
"CGY","2010-2011",82,3819.16,3591,3339,252,51.82,56.42,52.46,160,145,15,52.46,2.51,2.28,138.79,122.58,16.21,53.1,2.18,1.93,264,288,24,8.46,91.6,100.07
"CGY","2011-2012",82,3928.67,3285,3643,-358,47.42,50.17,55.64,136,147,-11,48.06,2.08,2.25,141.51,145.71,-4.2,49.27,2.16,2.23,260,271,11,7.74,92.53,100.27
"CGY","2012-2013",48,2305.28,1950,2164,-214,47.4,50.75,56.32,82,121,-39,40.39,2.13,3.15,83.09,90.97,-7.88,47.74,2.16,2.37,165,156,-9,7.9,89.27,97.17
"CGY","2013-2014",82,3993.28,3323,3847,-524,46.35,49.93,57.8,137,172,-35,44.34,2.06,2.58,130.22,148.78,-18.56,46.67,1.96,2.24,258,248,-10,7.91,90.89,98.8
"CGY","2014-2015",82,3981.8,3322,4149,-827,44.47,50.06,62.52,150,154,-4,49.34,2.26,2.32,131.88,153.57,-21.69,46.2,1.99,2.31,210,250,40,8.88,92.15,101.03
"CGY","2015-2016",82,3954.92,3498,3772,-274,48.12,53.07,57.22,151,170,-19,47.04,2.29,2.58,143,154.41,-11.41,48.08,2.17,2.34,238,261,23,8.15,90.98,99.13
"CGY","2016-2017",82,3859.65,3461,3386,75,50.55,53.8,52.64,139,143,-4,49.29,2.16,2.22,136.33,142.54,-6.21,48.89,2.12,2.22,300,286,-14,7.59,92,99.59
"CGY","2017-2018",82,3878.91,4156,3619,537,53.45,64.29,55.98,145,156,-11,48.17,2.24,2.41,168.73,151.93,16.8,52.62,2.61,2.35,275,275,0,6.79,91.92,98.71
"CGY","2018-2019",81,3861.95,3910,3333,577,53.98,60.75,51.78,183,148,35,55.29,2.84,2.3,166.65,146.59,20.06,53.2,2.59,2.28,229,254,25,8.94,91.75,100.69
"CHI","2007-2008",80,3423,2600,2629,-29,49.72,45.57,46.08,143,130,13,52.38,2.51,2.28,109.98,115.36,-5.38,48.81,1.93,2.02,368,365,-3,9.04,91.92,100.96
"CHI","2008-2009",82,3646.73,3286,2655,631,55.31,54.06,43.68,146,124,22,54.07,2.4,2.04,141.25,122.22,19.03,53.61,2.32,2.01,335,368,33,7.45,92.42,99.86
"CHI","2009-2010",82,3881.33,3784,2907,877,56.55,58.5,44.94,178,147,31,54.77,2.75,2.27,157.7,119.19,38.51,56.95,2.44,1.84,276,299,23,8.3,90.53,98.83
"CHI","2010-2011",82,3955.85,3704,3314,390,52.78,56.18,50.26,167,144,23,53.7,2.53,2.18,145.61,136.08,9.53,51.69,2.21,2.06,239,277,38,8.06,92.03,100.08
"CHI","2011-2012",82,3944.77,3698,3290,408,52.92,56.25,50.04,166,164,2,50.3,2.52,2.49,151.24,142.28,8.96,51.53,2.3,2.16,270,287,17,8.15,90.99,99.14
"CHI","2012-2013",48,2300.8,2103,1783,320,54.12,54.84,46.5,105,68,37,60.69,2.74,1.77,86.14,75.11,11.03,53.42,2.25,1.96,151,159,8,8.97,92.94,101.91
"CHI","2013-2014",82,3979.35,3890,3129,761,55.42,58.65,47.18,182,149,33,54.98,2.74,2.25,160.59,129.35,31.24,55.39,2.42,1.95,244,231,-13,8.44,91.39,99.83
"CHI","2014-2015",82,3980.1,4003,3462,541,53.62,60.35,52.19,150,128,22,53.96,2.26,1.93,155.07,152.05,3.02,50.49,2.34,2.29,225,248,23,6.87,93.54,100.41
"CHI","2015-2016",82,3985.37,3680,3585,95,50.65,55.4,53.97,135,141,-6,48.91,2.03,2.12,142,152.26,-10.26,48.26,2.14,2.29,216,234,18,6.81,92.81,99.62
"CHI","2016-2017",82,4053.47,3759,3692,67,50.45,55.64,54.65,164,136,28,54.67,2.43,2.01,152.05,157.76,-5.71,49.08,2.25,2.34,206,222,16,8.17,93.31,101.48
"CHI","2017-2018",82,3940.41,4199,3821,378,52.36,63.94,58.18,156,173,-17,47.42,2.38,2.63,163.84,166.52,-2.68,49.59,2.49,2.54,214,261,47,7.08,91.82,98.9
"CHI","2018-2019",80,3931.25,3731,3846,-115,49.24,56.94,58.7,182,181,1,50.14,2.78,2.76,150.05,183.43,-33.38,45,2.29,2.8,204,198,-6,8.77,91.85,100.62
"COL","2007-2008",82,3736.5,2917,3154,-237,48.05,46.84,50.65,154,137,17,52.92,2.47,2.2,138.54,130.72,7.82,51.45,2.22,2.1,299,321,22,8.89,91.78,100.67
"COL","2008-2009",82,3746.79,3102,3543,-441,46.68,49.67,56.74,123,165,-42,42.71,1.97,2.64,124.85,136.58,-11.73,47.76,2,2.19,304,324,20,7.05,90.75,97.8
"COL","2009-2010",82,3803.3,2977,3671,-694,44.78,46.96,57.91,153,146,7,51.17,2.41,2.3,134.13,146.16,-12.03,47.85,2.12,2.31,308,329,21,8.89,92.62,101.51
"COL","2010-2011",82,3844.35,3280,3655,-375,47.3,51.19,57.04,145,172,-27,45.74,2.26,2.68,143.52,145.11,-1.59,49.72,2.24,2.26,305,281,-24,7.93,91.3,99.23
"COL","2011-2012",82,3939.2,3718,3523,195,51.35,56.63,53.66,135,145,-10,48.21,2.06,2.21,143.21,146.73,-3.52,49.39,2.18,2.23,276,240,-36,6.67,92.43,99.11
"COL","2012-2013",48,2287.01,2072,2171,-99,48.83,54.36,56.96,79,97,-18,44.89,2.07,2.54,80.91,86.53,-5.62,48.32,2.12,2.27,187,156,-31,7.07,91.42,98.49
"COL","2013-2014",82,3940.3,3405,3849,-444,46.94,51.85,58.61,164,142,22,53.59,2.5,2.16,135.98,156.93,-20.95,46.42,2.07,2.39,241,243,2,8.77,93.08,101.85
"COL","2014-2015",82,3903.85,3078,4039,-961,43.25,47.31,62.08,152,156,-4,49.35,2.34,2.4,123.07,161.29,-38.22,43.28,1.89,2.48,247,246,-1,8.75,92.52,101.27
"COL","2015-2016",82,3890.92,3194,4035,-841,44.18,49.25,62.22,138,150,-12,47.92,2.13,2.31,123.3,156.07,-32.77,44.14,1.9,2.41,255,268,13,7.79,92.76,100.55
"COL","2016-2017",81,3871.32,3362,3586,-224,48.39,52.11,55.58,112,192,-80,36.84,1.74,2.98,119.32,146.19,-26.87,44.94,1.85,2.27,262,229,-33,6.33,90.6,96.94
"COL","2017-2018",82,3827.1,3487,3844,-357,47.57,54.67,60.26,151,139,12,52.07,2.37,2.18,126,146.22,-20.22,46.29,1.98,2.29,263,283,20,8.21,93.24,101.45
"COL","2018-2019",80,3739.37,3586,3585,1,50.01,57.54,57.52,152,149,3,50.5,2.44,2.39,142.81,143.49,-0.68,49.88,2.29,2.3,260,254,-6,7.61,92.22,99.83
"DAL","2007-2008",82,3578.97,2895,2703,192,51.71,48.53,45.31,139,127,12,52.26,2.33,2.13,114.65,116.39,-1.74,49.62,1.92,1.95,350,315,-35,8.89,91.68,100.58
"DAL","2008-2009",82,3640.98,3057,3071,-14,49.89,50.38,50.61,147,157,-10,48.36,2.42,2.59,126.06,130.27,-4.21,49.18,2.08,2.15,356,347,-9,8.84,90.67,99.52
"DAL","2009-2010",81,3764.7,3275,3544,-269,48.03,52.2,56.48,145,151,-6,48.99,2.31,2.41,126.74,135.16,-8.42,48.39,2.02,2.15,289,318,29,8.05,92.02,100.07
"DAL","2010-2011",82,3794.58,3228,3497,-269,48,51.04,55.29,143,141,2,50.35,2.26,2.23,122.41,136.43,-14.02,47.29,1.94,2.16,313,349,36,8.76,92.49,101.25
"DAL","2011-2012",82,3863.28,3578,3599,-21,49.85,55.57,55.9,141,151,-10,48.29,2.19,2.35,125.9,138.4,-12.5,47.64,1.96,2.15,297,262,-35,7.61,92,99.62
"DAL","2012-2013",48,2233.56,1990,2084,-94,48.85,53.46,55.98,92,92,0,50,2.47,2.47,79.14,91.93,-12.79,46.26,2.13,2.47,190,180,-10,9.47,91.74,101.21
"DAL","2013-2014",82,3863.82,3709,3632,77,50.52,57.6,56.4,161,148,13,52.1,2.5,2.3,158.32,152.46,5.86,50.94,2.46,2.37,263,298,35,8.31,92.1,100.41
"DAL","2014-2015",82,3863.02,3966,3645,321,52.11,61.6,56.61,175,171,4,50.58,2.72,2.66,165.15,153.06,12.09,51.9,2.57,2.38,256,302,46,8.82,90.91,99.73
"DAL","2015-2016",82,3920.02,4022,3630,392,52.56,61.56,55.56,162,154,8,51.27,2.48,2.36,168.5,152.57,15.93,52.48,2.58,2.34,249,262,13,7.91,91.63,99.54
"DAL","2016-2017",82,3977.24,3850,3838,12,50.08,58.08,57.9,148,154,-6,49.01,2.23,2.32,162.47,164.9,-2.43,49.63,2.45,2.49,257,266,9,7.52,91.92,99.44
"DAL","2017-2018",82,3920.45,3722,3571,151,51.04,56.96,54.65,148,134,14,52.48,2.27,2.05,152.45,132.28,20.17,53.54,2.33,2.02,274,245,-29,7.69,92.73,100.42
"DAL","2018-2019",82,4008.08,3597,3875,-278,48.14,53.85,58.01,136,133,3,50.56,2.04,1.99,152.9,151.33,1.57,50.26,2.29,2.27,220,199,-21,6.93,93.52,100.45
"DET","2007-2008",81,3518.74,3332,2334,998,58.81,56.82,39.8,142,102,40,58.2,2.42,1.74,140.36,101.91,38.45,57.94,2.39,1.74,301,320,19,7.41,92.4,99.81
"DET","2008-2009",81,3663.17,3652,2720,932,57.31,59.82,44.55,169,139,30,54.87,2.77,2.28,138.86,125.32,13.54,52.56,2.27,2.05,281,300,19,8.03,91.48,99.51
"DET","2009-2010",82,3855.5,3735,3176,559,54.04,58.12,49.43,138,150,-12,47.92,2.15,2.33,150.15,135.46,14.69,52.57,2.34,2.11,258,283,25,6.74,91.91,98.65
"DET","2010-2011",82,3854.52,3807,3348,459,53.21,59.26,52.12,165,164,1,50.15,2.57,2.55,155.03,142.24,12.79,52.15,2.41,2.21,261,248,-13,7.9,91.54,99.44
"DET","2011-2012",82,3875.85,3667,3016,651,54.87,56.77,46.69,179,124,55,59.08,2.77,1.92,152.29,130.59,21.7,53.84,2.36,2.02,240,266,26,8.74,92.65,101.39
"DET","2012-2013",48,2252.45,2069,1793,276,53.57,55.11,47.76,74,67,7,52.48,1.97,1.78,84.7,76.98,7.72,52.39,2.26,2.05,152,162,10,6.65,93.46,100.11
"DET","2013-2014",82,3843.28,3309,3122,187,51.45,51.66,48.74,146,144,2,50.34,2.28,2.25,131.13,130.92,0.21,50.04,2.05,2.04,260,234,-26,7.89,92.06,99.94
"DET","2014-2015",82,3826.07,3361,2924,437,53.48,52.71,45.85,132,126,6,51.16,2.07,1.98,134.63,126.06,8.57,51.64,2.11,1.98,256,276,20,7.33,92.61,99.93
"DET","2015-2016",82,3863.17,3402,3177,225,51.71,52.84,49.34,129,138,-9,48.31,2,2.14,141.4,145.84,-4.44,49.23,2.2,2.27,251,260,9,6.96,92.63,99.59
"DET","2016-2017",82,3975.56,3317,3562,-245,48.22,50.06,53.76,144,162,-18,47.06,2.17,2.44,141.48,153.35,-11.87,47.99,2.14,2.31,239,264,25,7.88,91.72,99.6
"DET","2017-2018",81,3945.4,3531,3704,-173,48.8,53.7,56.33,146,164,-18,47.1,2.22,2.49,147.57,156.23,-8.66,48.57,2.24,2.38,221,212,-9,7.53,91.98,99.51
"DET","2018-2019",82,4030.05,3509,3935,-426,47.14,52.24,58.58,149,178,-29,45.57,2.22,2.65,142.5,176.22,-33.72,44.71,2.12,2.62,245,219,-26,7.88,91.92,99.8
"EDM","2007-2008",82,3630.25,2953,3416,-463,46.37,48.81,56.46,143,163,-20,46.73,2.36,2.69,130.88,143.24,-12.36,47.75,2.16,2.37,320,329,9,8.95,91.06,100.01
"EDM","2008-2009",82,3655.32,3154,3470,-316,47.61,51.77,56.96,148,145,3,50.51,2.43,2.38,135.79,145.46,-9.67,48.28,2.23,2.39,345,350,5,8.77,92.43,101.21
"EDM","2009-2010",82,3807.76,3229,3954,-725,44.95,50.88,62.3,142,187,-45,43.16,2.24,2.95,139.4,163.5,-24.1,46.02,2.2,2.58,319,341,22,7.97,90.97,98.94
"EDM","2010-2011",82,3770.84,3146,3640,-494,46.36,50.06,57.92,122,169,-47,41.92,1.94,2.69,129.43,162.08,-32.65,44.4,2.06,2.58,341,331,-10,7.49,91.2,98.7
"EDM","2011-2012",82,3863.42,3270,3648,-378,47.27,50.78,56.65,138,154,-16,47.26,2.14,2.39,141.99,160.81,-18.82,46.89,2.21,2.5,292,273,-19,7.98,92.05,100.03
"EDM","2012-2013",48,2244.12,1818,2259,-441,44.59,48.61,60.4,80,90,-10,47.06,2.14,2.41,77.17,98.37,-21.2,43.96,2.06,2.63,162,169,7,8.07,92.52,100.59
"EDM","2013-2014",82,3841.53,3104,3900,-796,44.32,48.48,60.91,127,179,-52,41.5,1.98,2.8,129.49,165.45,-35.96,43.9,2.02,2.58,301,298,-3,7.69,91.29,98.98
"EDM","2014-2015",82,4066.45,3569,3854,-285,48.08,52.66,56.87,133,198,-65,40.18,1.96,2.92,139.6,169.44,-29.84,45.17,2.06,2.5,234,235,1,7.2,90.14,97.34
"EDM","2015-2016",82,3912.91,3534,3712,-178,48.77,54.19,56.92,133,167,-34,44.33,2.04,2.56,146.53,151.84,-5.31,49.11,2.25,2.33,249,241,-8,7.17,91.53,98.7
"EDM","2016-2017",82,3994.56,3642,3656,-14,49.9,54.7,54.91,165,139,26,54.28,2.48,2.09,166.88,160.38,6.5,50.99,2.51,2.41,243,253,10,8.29,92.74,101.03
"EDM","2017-2018",82,4025.43,4016,3917,99,50.62,59.86,58.38,161,176,-15,47.77,2.4,2.62,181.14,174.8,6.34,50.89,2.7,2.61,248,200,-48,7.44,91.74,99.18
"EDM","2018-2019",82,4034.98,3550,3848,-298,47.99,52.79,57.22,145,179,-34,44.75,2.16,2.66,150.9,172.91,-22.01,46.6,2.24,2.57,238,202,-36,7.61,91.48,99.09
"FLA","2007-2008",80,3545.59,3118,3247,-129,48.99,52.76,54.95,124,131,-7,48.63,2.1,2.22,124.09,138.95,-14.86,47.18,2.1,2.35,303,261,-42,6.95,93.16,100.11
"FLA","2008-2009",82,3768.73,3259,3723,-464,46.68,51.88,59.27,153,145,8,51.34,2.44,2.31,133.3,152.13,-18.83,46.7,2.12,2.42,276,289,13,8.5,93.27,101.77
"FLA","2009-2010",82,3810.72,3170,3947,-777,44.54,49.91,62.15,135,146,-11,48.04,2.13,2.3,126.33,149.2,-22.87,45.85,1.99,2.35,275,305,30,7.77,93.13,100.9
"FLA","2010-2011",82,3912.43,3650,3607,43,50.3,55.98,55.32,140,160,-20,46.67,2.15,2.45,143.36,134.92,8.44,51.52,2.2,2.07,232,249,17,7.13,91.99,99.12
"FLA","2011-2012",82,3959.77,3432,3495,-63,49.55,52,52.96,123,141,-18,46.59,1.86,2.14,120.12,137.3,-17.18,46.66,1.82,2.08,238,289,51,6.57,92.78,99.35
"FLA","2012-2013",48,2338.17,2048,2121,-73,49.12,52.55,54.43,66,116,-50,36.26,1.69,2.98,75.78,90.81,-15.03,45.49,1.94,2.33,157,158,1,5.94,90.34,96.28
"FLA","2013-2014",82,3877.65,3498,3365,133,50.97,54.13,52.07,139,177,-38,43.99,2.15,2.74,138.42,145.51,-7.09,48.75,2.14,2.25,256,275,19,7.2,90.77,97.97
"FLA","2014-2015",82,3930.18,3525,3349,176,51.28,53.81,51.13,144,141,3,50.53,2.2,2.15,137.29,128.21,9.08,51.71,2.1,1.96,254,263,9,7.27,92.38,99.65
"FLA","2015-2016",82,3867.03,3110,3274,-164,48.72,48.25,50.8,160,124,36,56.34,2.48,1.92,129.18,134.32,-5.14,49.02,2,2.08,280,291,11,8.88,93.28,102.17
"FLA","2016-2017",82,3899.49,3515,3445,70,50.5,54.08,53.01,130,161,-31,44.67,2,2.48,135.3,147.41,-12.11,47.86,2.08,2.27,277,277,0,6.56,92.1,98.66
"FLA","2017-2018",82,3933.59,3762,3894,-132,49.14,57.38,59.4,166,167,-1,49.85,2.53,2.55,153.29,161.35,-8.06,48.72,2.34,2.46,262,295,33,7.71,92.32,100.03
"FLA","2018-2019",82,3973.83,3644,3730,-86,49.42,55.02,56.32,163,190,-27,46.18,2.46,2.87,152.48,165.12,-12.64,48.01,2.3,2.49,226,254,28,7.91,90.57,98.48
"L.A","2007-2008",82,3663.98,2992,3554,-562,45.71,49,58.2,135,172,-37,43.97,2.21,2.82,125.77,155.21,-29.44,44.76,2.06,2.54,280,325,45,8.25,91.19,99.44
"L.A","2008-2009",82,3599.65,3184,3097,87,50.69,53.07,51.62,114,135,-21,45.78,1.9,2.25,127.4,120.77,6.63,51.34,2.12,2.01,376,359,-17,6.88,91.85,98.72
"L.A","2009-2010",82,3760.06,3235,3142,93,50.73,51.62,50.14,139,132,7,51.29,2.22,2.11,132.06,126.44,5.62,51.09,2.11,2.02,312,310,-2,7.95,91.97,99.91
"L.A","2010-2011",82,3854.7,3548,3325,223,51.62,55.23,51.76,148,135,13,52.3,2.3,2.1,136.51,125.12,11.39,52.18,2.12,1.95,293,291,-2,8.25,92.39,100.64
"L.A","2011-2012",82,3805.74,3777,3120,657,54.76,59.55,49.19,118,117,1,50.21,1.86,1.84,139.84,124.28,15.56,52.95,2.2,1.96,291,276,-15,6.07,92.94,99.01
"L.A","2012-2013",48,2282.41,2175,1686,489,56.33,57.18,44.32,86,79,7,52.12,2.26,2.08,85.09,69.74,15.35,54.96,2.24,1.83,163,156,-7,7.59,91.49,99.08
"L.A","2013-2014",82,3810.05,3890,2958,932,56.8,61.26,46.58,129,104,25,55.36,2.03,1.64,150.71,121.81,28.9,55.3,2.37,1.92,287,313,26,6.5,93.46,99.96
"L.A","2014-2015",82,3961,3907,3149,758,55.37,59.18,47.7,154,126,28,55,2.33,1.91,153.68,127.6,26.08,54.64,2.33,1.93,250,250,0,7.58,92.58,100.15
"L.A","2015-2016",82,3935.3,4085,3159,926,56.39,62.28,48.16,141,120,21,54.02,2.15,1.83,155.76,129.15,26.61,54.67,2.37,1.97,284,253,-31,6.82,92.99,99.81
"L.A","2016-2017",82,3974.87,3969,3252,717,54.96,59.91,49.09,126,133,-7,48.65,1.9,2.01,157.06,132.65,24.41,54.21,2.37,2,254,237,-17,6.21,92.06,98.27
"L.A","2017-2018",82,3936.97,3687,3680,7,50.05,56.19,56.08,151,134,17,52.98,2.3,2.04,142.67,154.57,-11.9,48,2.17,2.36,251,218,-33,7.8,93.09,100.88
"L.A","2018-2019",82,4020.2,3593,3854,-261,48.25,53.62,57.52,139,168,-29,45.28,2.07,2.51,142.01,153.93,-11.92,47.99,2.12,2.3,228,215,-13,7.46,91.72,99.17
"MIN","2007-2008",80,3507.04,2846,2986,-140,48.8,48.69,51.09,123,133,-10,48.05,2.1,2.28,100.23,116.77,-16.54,46.19,1.71,2,299,301,2,8.21,92.26,100.46
"MIN","2008-2009",82,3764.37,3011,3372,-361,47.17,47.99,53.75,122,136,-14,47.29,1.94,2.17,107.53,122.23,-14.7,46.8,1.71,1.95,278,290,12,7.5,92.7,100.2
"MIN","2009-2010",82,3747.44,3085,3367,-282,47.81,49.39,53.91,134,150,-16,47.18,2.15,2.4,119.68,122.6,-2.92,49.4,1.92,1.96,302,289,-13,8.22,91.81,100.02
"MIN","2010-2011",82,3827.34,3012,3644,-632,45.25,47.22,57.13,125,147,-22,45.96,1.96,2.3,114.31,139.27,-24.96,45.08,1.79,2.18,296,285,-11,7.83,92.58,100.4
"MIN","2011-2012",82,3865.37,3077,3871,-794,44.29,47.76,60.09,105,145,-40,42,1.63,2.25,123.8,140.29,-16.49,46.88,1.92,2.18,319,280,-39,6.38,92.63,99.02
"MIN","2012-2013",48,2269.37,1883,1925,-42,49.45,49.78,50.9,79,89,-10,47.02,2.09,2.35,77.14,70.94,6.2,52.09,2.04,1.88,164,153,-11,7.71,91.33,99.03
"MIN","2013-2014",82,3923.15,3155,3337,-182,48.6,48.25,51.04,131,118,13,52.61,2,1.8,117.7,116.52,1.18,50.25,1.8,1.78,264,270,6,7.82,93.16,100.97
"MIN","2014-2015",82,3911.92,3581,3433,148,51.06,54.92,52.65,166,144,22,53.55,2.55,2.21,146.63,118.95,27.68,55.21,2.25,1.82,230,249,19,8.56,91.85,100.4
"MIN","2015-2016",82,3914.91,3279,3598,-319,47.68,50.25,55.14,138,127,11,52.08,2.11,1.95,130.1,129.19,0.91,50.18,1.99,1.98,195,242,47,7.79,93,100.79
"MIN","2016-2017",82,4056.03,3649,3745,-96,49.35,53.98,55.4,186,148,38,55.69,2.75,2.19,155.61,129.39,26.22,54.6,2.3,1.91,220,250,30,9.15,92.57,101.72
"MIN","2017-2018",82,3954.03,3432,3842,-410,47.18,52.08,58.3,160,144,16,52.63,2.43,2.19,147.96,128.2,19.76,53.58,2.25,1.95,238,224,-14,8.19,92.72,100.91
"MIN","2018-2019",82,3935.47,3772,3635,137,50.92,57.51,55.42,139,153,-14,47.6,2.12,2.33,152.77,129.42,23.35,54.14,2.33,1.97,231,232,1,6.78,91.69,98.47
"MTL","2007-2008",77,3320.5,2822,3312,-490,46.01,50.99,59.85,125,127,-2,49.6,2.26,2.29,112.21,131.06,-18.85,46.13,2.03,2.37,270,301,31,8.55,92.56,101.11
"MTL","2008-2009",82,3595.46,3240,3527,-287,47.88,54.07,58.86,142,148,-6,48.97,2.37,2.47,129.78,145.42,-15.64,47.16,2.17,2.43,350,370,20,8.27,92.22,100.49
"MTL","2009-2010",82,3856.75,3369,3772,-403,47.18,52.41,58.68,130,142,-12,47.79,2.02,2.21,129.93,151.34,-21.41,46.19,2.02,2.35,297,280,-17,7.58,92.81,100.39
"MTL","2010-2011",82,3778.95,3740,3513,227,51.56,59.38,55.78,135,135,0,50,2.14,2.14,141.73,142.43,-0.7,49.88,2.25,2.26,324,314,-10,6.81,92.78,99.58
"MTL","2011-2012",82,3768.73,3306,3583,-277,47.99,52.63,57.04,140,145,-5,49.12,2.23,2.31,122.07,135.07,-13,47.47,1.94,2.15,292,298,6,8.21,92.2,100.41
"MTL","2012-2013",48,2187,2114,1886,228,52.85,58,51.74,97,77,20,55.75,2.66,2.11,83.76,67.05,16.71,55.54,2.3,1.84,189,203,14,8.89,92.06,100.95
"MTL","2013-2014",82,3819.09,3372,3843,-471,46.74,52.98,60.38,130,135,-5,49.06,2.04,2.12,137.5,146.72,-9.22,48.38,2.16,2.31,321,321,0,7.42,93.04,100.47
"MTL","2014-2015",82,3932.83,3545,3762,-217,48.52,54.08,57.39,146,121,25,54.68,2.23,1.85,137.4,143.59,-6.19,48.9,2.1,2.19,263,247,-16,7.98,93.68,101.66
"MTL","2015-2016",81,3876.61,3647,3450,197,51.39,56.45,53.4,143,152,-9,48.47,2.21,2.35,145.28,139.74,5.54,50.97,2.25,2.16,247,261,14,7.33,91.84,99.17
"MTL","2016-2017",82,4024.6,3942,3561,381,52.54,58.77,53.09,154,129,25,54.42,2.3,1.92,159.74,141.65,18.09,53,2.38,2.11,251,243,-8,7.55,93.25,100.79
"MTL","2017-2018",82,3937.49,3904,3828,76,50.49,59.49,58.33,131,157,-26,45.49,2,2.39,159.48,151.76,7.72,51.24,2.43,2.31,263,251,-12,6.38,92.19,98.57
"MTL","2018-2019",81,3934.67,4312,3612,700,54.42,65.75,55.08,187,161,26,53.74,2.85,2.46,174.9,145.04,29.86,54.67,2.67,2.21,229,217,-12,8.2,91.86,100.06
"N.J","2007-2008",80,3454.7,2852,2583,269,52.47,49.53,44.86,109,109,0,50,1.89,1.89,118.11,110.31,7.8,51.71,2.05,1.92,300,314,14,7.04,92.66,99.7
"N.J","2008-2009",82,3749.89,3425,3096,329,52.52,54.8,49.54,147,122,25,54.65,2.35,1.95,141.34,122.99,18.35,53.47,2.26,1.97,341,333,-8,7.55,93.14,100.69
"N.J","2009-2010",82,3932.43,3251,3125,126,50.99,49.6,47.68,143,129,14,52.57,2.18,1.97,133.21,125.4,7.81,51.51,2.03,1.91,260,282,22,7.63,92.63,100.26
"N.J","2010-2011",82,3967.53,3249,2987,262,52.1,49.13,45.17,117,148,-31,44.15,1.77,2.24,132.69,124.78,7.91,51.54,2.01,1.89,247,249,2,6.31,91.32,97.63
"N.J","2011-2012",82,3945.62,3020,2983,37,50.31,45.92,45.36,139,145,-6,48.94,2.11,2.2,130.44,120.98,9.46,51.88,1.98,1.84,285,267,-18,8.07,91.51,99.58
"N.J","2012-2013",48,2251.2,1897,1498,399,55.88,50.56,39.93,64,74,-10,46.38,1.71,1.97,76.63,63.09,13.54,54.85,2.04,1.68,177,176,-1,6.42,91.21,97.63
"N.J","2013-2014",82,3926.88,3224,2703,521,54.4,49.26,41.3,122,135,-13,47.47,1.86,2.06,139.17,110.65,28.52,55.71,2.13,1.69,245,217,-28,7.11,91.34,98.45
"N.J","2014-2015",82,3944.64,2969,3323,-354,47.19,45.16,50.54,115,125,-10,47.92,1.75,1.9,122.07,137.7,-15.63,46.99,1.86,2.09,255,221,-34,7.2,93.41,100.61
"N.J","2015-2016",82,3873.76,2724,3180,-456,46.14,42.19,49.25,109,131,-22,45.42,1.69,2.03,118.45,131.92,-13.47,47.31,1.83,2.04,276,240,-36,7.24,92.5,99.73
"N.J","2016-2017",82,3932.12,3204,3495,-291,47.83,48.89,53.33,114,149,-35,43.35,1.74,2.27,136.38,148.89,-12.51,47.81,2.08,2.27,270,270,0,6.36,92.47,98.83
"N.J","2017-2018",82,3906.5,3555,3756,-201,48.63,54.6,57.69,158,166,-8,48.77,2.43,2.55,162.61,160.51,2.1,50.32,2.5,2.47,231,240,9,7.91,91.73,99.64
"N.J","2018-2019",82,3865.58,3337,3782,-445,46.87,51.8,58.7,144,179,-35,44.58,2.24,2.78,151.49,161.43,-9.93,48.41,2.35,2.51,253,246,-7,7.55,91.25,98.8
"NSH","2007-2008",81,3513,3000,2935,65,50.55,51.24,50.13,141,140,1,50.18,2.41,2.39,137.32,124.51,12.81,52.45,2.35,2.13,304,327,23,8.29,91.96,100.26
"NSH","2008-2009",82,3709.65,3137,3251,-114,49.11,50.74,52.58,132,139,-7,48.71,2.13,2.25,133.15,143.74,-10.59,48.09,2.15,2.32,319,299,-20,7.56,92.41,99.97
"NSH","2009-2010",82,3905.33,3553,3347,206,51.49,54.59,51.42,146,141,5,50.87,2.24,2.17,146.6,140.49,6.11,51.06,2.25,2.16,230,250,20,7.59,92.4,99.99
"NSH","2010-2011",82,3900.23,3341,3458,-117,49.14,51.4,53.2,152,130,22,53.9,2.34,2,144.23,141.04,3.19,50.56,2.22,2.17,242,235,-7,8.17,93.39,101.56
"NSH","2011-2012",82,3992.6,3242,3714,-472,46.61,48.72,55.81,154,150,4,50.66,2.31,2.25,144.84,137.87,6.97,51.23,2.18,2.07,212,221,9,8.51,92.53,101.04
"NSH","2012-2013",48,2331.31,1800,2053,-253,46.72,46.33,52.84,75,85,-10,46.88,1.93,2.19,77.45,75.33,2.12,50.69,1.99,1.94,148,158,10,7.66,91.95,99.61
"NSH","2013-2014",82,3991.77,3411,3628,-217,48.46,51.27,54.53,151,171,-20,46.89,2.27,2.57,136.88,127.98,8.9,51.68,2.06,1.92,268,258,-10,7.91,91.04,98.96
"NSH","2014-2015",82,3933.01,3830,3435,395,52.72,58.43,52.4,165,125,40,56.9,2.52,1.91,148.19,122.54,25.65,54.74,2.26,1.87,234,249,15,8.08,93.1,101.18
"NSH","2015-2016",82,3923.97,3672,3322,350,52.5,56.15,50.8,142,136,6,51.08,2.17,2.08,141.81,121.88,19.93,53.78,2.17,1.86,255,262,7,7.31,92.21,99.52
"NSH","2016-2017",82,3935.37,3791,3582,209,51.42,57.8,54.61,159,141,18,53,2.42,2.15,148.94,139.12,9.82,51.7,2.27,2.12,267,271,4,7.84,92.65,100.49
"NSH","2017-2018",82,3851.35,3850,3623,227,51.52,59.98,56.44,167,128,39,56.61,2.6,1.99,154.19,148.54,5.65,50.93,2.4,2.31,296,248,-48,8.19,93.55,101.74
"NSH","2018-2019",81,3860.9,3852,3529,323,52.19,59.86,54.84,162,141,21,53.47,2.52,2.19,156.46,149.35,7.11,51.16,2.43,2.32,240,241,1,7.7,92.7,100.39
"NYI","2007-2008",77,3376.99,3062,3009,53,50.44,54.4,53.46,112,124,-12,47.46,1.99,2.2,130.07,131.93,-1.86,49.65,2.31,2.34,320,289,-31,6.73,92.39,99.11
"NYI","2008-2009",82,3665.53,3244,3870,-626,45.6,53.1,63.35,117,170,-53,40.77,1.92,2.78,130.37,156.44,-26.07,45.46,2.13,2.56,348,326,-22,6.77,91.47,98.24
"NYI","2009-2010",81,3678.77,3355,3678,-323,47.7,54.72,59.99,139,162,-23,46.18,2.27,2.64,150.19,153.1,-2.91,49.52,2.45,2.5,305,313,8,7.68,91.46,99.14
"NYI","2010-2011",82,3786.74,3362,3924,-562,46.14,53.27,62.17,138,175,-37,44.09,2.19,2.77,144.28,177.03,-32.75,44.9,2.29,2.8,378,344,-34,7.79,91.21,99
"NYI","2011-2012",82,4008.1,3491,3844,-353,47.59,52.26,57.54,130,174,-44,42.76,1.95,2.6,157.88,168.09,-10.21,48.43,2.36,2.52,237,251,14,6.83,91.04,97.87
"NYI","2012-2013",48,2350.29,2171,2174,-3,49.97,55.42,55.5,94,96,-2,49.47,2.4,2.45,97.93,91.03,6.9,51.83,2.5,2.32,151,162,11,8.02,90.93,98.96
"NYI","2013-2014",82,3894.2,3596,3680,-84,49.42,55.41,56.7,139,170,-31,44.98,2.14,2.62,158.36,167.35,-8.99,48.62,2.44,2.58,307,300,-7,7.24,91.11,98.35
"NYI","2014-2015",82,3962.6,4049,3629,420,52.74,61.31,54.95,167,156,11,51.7,2.53,2.36,194.9,156.86,38.04,55.41,2.95,2.38,217,267,50,7.79,91.47,99.26
"NYI","2015-2016",82,4014.42,3678,3749,-71,49.52,54.97,56.03,154,145,9,51.51,2.3,2.17,156.46,162.24,-5.78,49.09,2.34,2.42,241,245,4,8.11,92.62,100.72
"NYI","2016-2017",82,4035.57,3694,4042,-348,47.75,54.92,60.1,177,171,6,50.86,2.63,2.54,166.51,172.97,-6.46,49.05,2.48,2.57,231,228,-3,8.87,91.77,100.64
"NYI","2017-2018",82,3993.94,3723,4120,-397,47.47,55.93,61.89,176,188,-12,48.35,2.64,2.82,155.22,175.96,-20.74,46.87,2.33,2.64,220,221,1,8.84,91.71,100.55
"NYI","2018-2019",81,3971.27,3484,3802,-318,47.82,52.64,57.44,158,127,31,55.44,2.39,1.92,156.92,149.57,7.35,51.2,2.37,2.26,201,206,5,8.5,93.55,102.05
"NYR","2007-2008",80,3529.07,3166,2709,457,53.89,53.83,46.06,126,107,19,54.08,2.14,1.82,143.55,122.95,20.6,53.86,2.44,2.09,316,343,27,7.15,92.68,99.83
"NYR","2008-2009",82,3622.16,3518,3161,357,52.67,58.27,52.36,124,139,-15,47.15,2.05,2.3,158.97,147.02,11.95,51.95,2.63,2.44,347,355,8,6.48,92.04,98.52
"NYR","2009-2010",82,3749.57,3426,3463,-37,49.73,54.82,55.41,144,137,7,51.25,2.3,2.19,150.71,154.88,-4.17,49.32,2.41,2.48,333,330,-3,7.92,92.57,100.49
"NYR","2010-2011",82,3829.84,3432,3552,-120,49.14,53.77,55.65,149,136,13,52.28,2.33,2.13,170.82,149.77,21.05,53.28,2.68,2.35,325,343,18,8.02,92.72,100.73
"NYR","2011-2012",82,3885.46,3227,3538,-311,47.7,49.83,54.63,148,130,18,53.24,2.29,2.01,159.95,147.72,12.23,51.99,2.47,2.28,309,316,7,8.3,92.69,100.99
"NYR","2012-2013",48,2328.9,2253,2081,172,51.98,58.04,53.61,90,67,23,57.32,2.32,1.73,101.48,86.5,14.98,53.98,2.61,2.23,148,157,9,7.41,93.51,100.93
"NYR","2013-2014",82,3904.22,3817,3462,355,52.44,58.66,53.2,141,131,10,51.84,2.17,2.01,163.31,152.21,11.1,51.76,2.51,2.34,250,285,35,6.7,92.98,99.68
"NYR","2014-2015",82,4009.65,3640,3715,-75,49.49,54.47,55.59,179,137,42,56.65,2.68,2.05,166.76,166.99,-0.23,49.97,2.5,2.5,230,225,-5,8.83,93.08,101.92
"NYR","2015-2016",82,4001.17,3438,3816,-378,47.39,51.55,57.22,163,129,34,55.82,2.44,1.93,149.34,162.65,-13.31,47.87,2.24,2.44,244,235,-9,8.99,93.45,102.43
"NYR","2016-2017",82,3994.7,3504,3811,-307,47.9,52.63,57.24,167,153,14,52.19,2.51,2.3,156.96,164.16,-7.2,48.88,2.36,2.47,217,223,6,8.85,92.32,101.17
"NYR","2017-2018",82,3991.58,3532,4163,-631,45.9,53.09,62.58,150,182,-32,45.18,2.25,2.74,166.18,186.5,-20.32,47.12,2.5,2.8,235,225,-10,7.55,92.18,99.72
"NYR","2018-2019",82,3952.08,3378,3958,-580,46.05,51.28,60.09,144,171,-27,45.71,2.19,2.6,153.06,171.65,-18.59,47.14,2.32,2.61,264,243,-21,7.71,91.98,99.69
"OTT","2007-2008",75,3296.21,2963,2839,124,51.07,53.93,51.68,160,131,29,54.98,2.91,2.38,128.41,125.13,3.28,50.65,2.34,2.28,350,278,-72,9.83,91.79,101.61
"OTT","2008-2009",82,3665.18,3084,3186,-102,49.19,50.49,52.16,125,141,-16,46.99,2.05,2.31,127.82,130.25,-2.43,49.53,2.09,2.13,344,346,2,7.37,91.76,99.14
"OTT","2009-2010",82,3795.34,3444,3181,263,51.98,54.45,50.29,145,171,-26,45.89,2.29,2.7,146.61,130.14,16.47,52.98,2.32,2.06,344,313,-31,7.85,89.77,97.62
"OTT","2010-2011",82,3867.18,3439,3452,-13,49.91,53.36,53.56,125,172,-47,42.09,1.94,2.67,138.59,145.06,-6.47,48.86,2.15,2.25,325,301,-24,6.67,90.92,97.59
"OTT","2011-2012",82,3856.17,3847,3509,338,52.3,59.86,54.6,158,154,4,50.64,2.46,2.4,147.38,155.04,-7.66,48.73,2.29,2.41,344,305,-39,7.86,92.12,99.98
"OTT","2012-2013",48,2244,2305,1994,311,53.62,61.63,53.32,73,73,0,50,1.95,1.95,88.01,77.08,10.93,53.31,2.35,2.06,189,181,-8,6.01,93.44,99.44
"OTT","2013-2014",82,3798.94,3920,3565,355,52.37,61.91,56.31,156,164,-8,48.75,2.46,2.59,147.32,159.39,-12.07,48.03,2.33,2.52,336,308,-28,7.45,92.22,99.67
"OTT","2014-2015",82,3866.19,3585,3551,34,50.24,55.64,55.11,151,143,8,51.36,2.34,2.22,147.54,140.97,6.57,51.14,2.29,2.19,274,280,6,8.01,92.98,100.99
"OTT","2015-2016",81,3903.02,3427,3765,-338,47.65,52.68,57.88,148,144,4,50.68,2.28,2.21,134.9,147.88,-12.98,47.7,2.07,2.27,263,256,-7,8.25,93.02,101.27
"OTT","2016-2017",82,3920.95,3584,3800,-216,48.54,54.84,58.15,135,142,-7,48.74,2.07,2.17,142.19,147.35,-5.16,49.11,2.18,2.25,278,283,5,7.03,92.58,99.6
"OTT","2017-2018",82,3966.02,3661,4108,-447,47.12,55.39,62.15,150,197,-47,43.23,2.27,2.98,142.62,168.29,-25.67,45.87,2.16,2.55,209,236,27,7.69,90.84,98.53
"OTT","2018-2019",81,4006.03,3553,4360,-807,44.9,53.21,65.3,169,219,-50,43.56,2.53,3.28,154.32,179.06,-24.74,46.29,2.31,2.68,224,236,12,8.75,90.62,99.36
"PHI","2007-2008",80,3352.95,2800,3159,-359,46.99,50.11,56.53,121,133,-12,47.64,2.17,2.38,121.14,131.9,-10.76,47.87,2.17,2.36,410,399,-11,7.84,92.41,100.25
"PHI","2008-2009",82,3596.58,3198,3526,-328,47.56,53.35,58.82,152,152,0,50,2.54,2.54,132.19,143.32,-11.13,47.98,2.21,2.39,425,366,-59,8.55,91.93,100.48
"PHI","2009-2010",82,3654.02,3478,3353,125,50.91,57.11,55.06,140,142,-2,49.65,2.3,2.33,152.82,141.85,10.97,51.86,2.51,2.33,404,391,-13,7.46,92,99.45
"PHI","2010-2011",82,3775.75,3579,3695,-116,49.2,56.87,58.72,172,141,31,54.95,2.73,2.24,157.45,151.57,5.88,50.95,2.5,2.41,317,303,-14,8.72,92.59,101.31
"PHI","2011-2012",82,3704.9,3535,3399,136,50.98,57.25,55.05,167,144,23,53.7,2.7,2.33,160.23,144.58,15.65,52.57,2.59,2.34,385,384,-1,8.72,91.82,100.54
"PHI","2012-2013",48,2201.87,1943,2140,-197,47.59,52.95,58.31,81,96,-15,45.76,2.21,2.62,78.33,84.68,-6.35,48.05,2.13,2.31,215,219,4,7.91,90.94,98.85
"PHI","2013-2014",82,3743.03,3510,3514,-4,49.97,56.26,56.33,144,150,-6,48.98,2.31,2.4,133.23,135.32,-2.09,49.61,2.14,2.17,341,329,-12,8.02,92.24,100.26
"PHI","2014-2015",82,3930.85,3515,3614,-99,49.31,53.65,55.16,132,135,-3,49.44,2.01,2.06,128.96,145.16,-16.2,47.05,1.97,2.22,277,238,-39,7.31,92.95,100.26
"PHI","2015-2016",82,3850.73,3700,3608,92,50.63,57.65,56.22,131,129,2,50.38,2.04,2.01,142.35,146.47,-4.12,49.29,2.22,2.28,295,304,9,6.96,93.35,100.31
"PHI","2016-2017",82,3910.54,3754,3594,160,51.09,57.6,55.14,127,153,-26,45.36,1.95,2.35,142.36,146.17,-3.81,49.34,2.18,2.24,266,292,26,6.65,91.68,98.32
"PHI","2017-2018",82,3966.05,3639,3669,-30,49.79,55.05,55.51,157,143,14,52.33,2.38,2.16,150.99,147.75,3.24,50.54,2.28,2.24,226,269,43,7.88,92.48,100.36
"PHI","2018-2019",81,3890.62,3607,3866,-259,48.27,55.63,59.62,163,185,-22,46.84,2.51,2.85,153.28,161.48,-8.2,48.7,2.36,2.49,230,242,12,8.44,91.1,99.54
"PIT","2007-2008",79,3397.83,2685,3201,-516,45.62,47.41,56.52,135,112,23,54.66,2.38,1.98,121.97,123.2,-1.23,49.75,2.15,2.18,336,352,16,8.96,93.43,102.4
"PIT","2008-2009",82,3618.58,3120,3363,-243,48.13,51.73,55.76,164,134,30,55.03,2.72,2.22,122.85,124.43,-1.58,49.68,2.04,2.06,355,362,7,9.76,92.4,102.15
"PIT","2009-2010",81,3640.51,3563,3278,285,52.08,58.72,54.03,167,156,11,51.7,2.75,2.57,144.89,131.23,13.66,52.47,2.39,2.16,365,355,-10,8.6,90.83,99.43
"PIT","2010-2011",82,3713.62,3587,3208,379,52.79,57.95,51.83,145,127,18,53.31,2.34,2.05,135.91,128.37,7.54,51.43,2.2,2.07,400,389,-11,7.54,92.68,100.22
"PIT","2011-2012",82,3869.34,3843,3242,601,54.24,59.59,50.27,187,159,28,54.05,2.9,2.47,158.28,135.91,22.37,53.8,2.45,2.11,282,305,23,8.92,90.84,99.76
"PIT","2012-2013",48,2263.18,2040,2119,-79,49.05,54.08,56.18,107,74,33,59.12,2.84,1.96,85.39,78.1,7.29,52.23,2.26,2.07,186,180,-6,9.65,93.31,102.96
"PIT","2013-2014",82,3906.75,3336,3516,-180,48.69,51.23,54,153,145,8,51.34,2.35,2.23,131.3,126.72,4.58,50.89,2.02,1.95,264,299,35,8.29,91.86,100.16
"PIT","2014-2015",82,3861.28,3595,3216,379,52.78,55.86,49.97,145,131,14,52.54,2.25,2.04,142.52,132.44,10.08,51.83,2.21,2.06,347,309,-38,7.42,92.56,99.98
"PIT","2015-2016",82,3905.87,3776,3391,385,52.69,58.01,52.09,159,130,29,55.02,2.44,2,161.38,128,33.38,55.77,2.48,1.97,263,258,-5,7.54,93.01,100.55
"PIT","2016-2017",82,3953.63,3810,3788,22,50.14,57.82,57.49,186,151,35,55.19,2.82,2.29,179.09,162.42,16.67,52.44,2.72,2.46,247,270,23,8.6,92.61,101.21
"PIT","2017-2018",82,3916,3943,3607,336,52.23,60.41,55.27,162,175,-13,48.07,2.48,2.68,173.5,155.8,17.7,52.69,2.66,2.39,270,264,-6,7.29,91.03,98.33
"PIT","2018-2019",82,4001.87,3882,3935,-53,49.66,58.2,59,181,150,31,54.68,2.71,2.25,170.53,160.55,9.98,51.51,2.56,2.41,234,233,-1,8.33,93.05,101.37
"S.J","2007-2008",81,3519.37,2991,2569,422,53.79,50.99,43.8,132,114,18,53.66,2.25,1.94,132.55,102.31,30.24,56.44,2.26,1.74,305,336,31,7.92,91.54,99.47
"S.J","2008-2009",82,3740.73,3469,2928,541,54.23,55.64,46.96,131,122,9,51.78,2.1,1.96,157.63,121.35,36.28,56.5,2.53,1.95,311,351,40,6.74,92.42,99.16
"S.J","2009-2010",81,3695.41,3497,3349,148,51.08,56.78,54.38,164,132,32,55.41,2.66,2.14,155.37,142.43,12.94,52.17,2.52,2.31,331,326,-5,8.85,92.92,101.77
"S.J","2010-2011",82,3908.6,3900,3388,512,53.51,59.87,52.01,153,130,23,54.06,2.35,2,170.72,134.13,36.59,56,2.62,2.06,279,297,18,7.33,92.83,100.16
"S.J","2011-2012",82,3976.16,3907,3645,262,51.73,58.96,55,141,131,10,51.84,2.13,1.98,160.69,134.22,26.47,54.49,2.42,2.03,235,271,36,6.67,92.92,99.6
"S.J","2012-2013",48,2306.82,2258,2144,114,51.29,58.73,55.77,77,76,1,50.33,2,1.98,92.48,77.7,14.78,54.34,2.41,2.02,140,166,26,6.68,92.9,99.58
"S.J","2013-2014",82,3939.32,4091,3524,567,53.72,62.31,53.67,161,139,22,53.67,2.45,2.12,177.35,131.42,45.93,57.44,2.7,2,233,278,45,7.52,92.21,99.72
"S.J","2014-2015",82,3968.1,3934,3706,228,51.49,59.48,56.04,138,155,-17,47.1,2.09,2.34,157.82,149.68,8.14,51.32,2.39,2.26,235,255,20,7.05,91.86,98.91
"S.J","2015-2016",82,3954.49,3661,3423,238,51.68,55.55,51.94,147,132,15,52.69,2.23,2,156.66,127.77,28.89,55.08,2.38,1.94,239,269,30,7.68,92.3,99.99
"S.J","2016-2017",81,3960.88,3836,3641,195,51.3,58.11,55.15,150,133,17,53,2.27,2.01,162.81,147.22,15.59,52.51,2.47,2.23,215,234,19,7.85,92.45,100.3
"S.J","2017-2018",82,3993.35,4045,3918,127,50.8,60.78,58.87,156,164,-8,48.75,2.34,2.46,170.45,157.83,12.62,51.92,2.56,2.37,200,223,23,7.5,91.64,99.13
"S.J","2018-2019",82,3980.35,4123,3381,742,54.94,62.15,50.97,193,183,10,51.33,2.91,2.76,181.9,152.72,29.18,54.36,2.74,2.3,245,244,-1,9.09,89.74,98.82
"STL","2007-2008",81,3561.24,2703,2999,-296,47.4,45.54,50.53,134,141,-7,48.73,2.26,2.38,116.6,126.3,-9.7,48,1.96,2.13,350,348,-2,8.55,91.18,99.73
"STL","2008-2009",82,3611.34,2899,3147,-248,47.95,48.16,52.29,130,138,-8,48.51,2.16,2.29,120.99,123.77,-2.78,49.43,2.01,2.06,371,364,-7,8.02,91.73,99.76
"STL","2009-2010",82,3664.08,3285,3176,109,50.84,53.79,52.01,142,143,-1,49.82,2.33,2.34,132.87,134.98,-2.11,49.61,2.18,2.21,403,357,-46,7.94,91.88,99.83
"STL","2010-2011",82,3890.42,3643,3328,315,52.26,56.18,51.33,162,159,3,50.47,2.5,2.45,144.37,137.06,7.31,51.3,2.23,2.11,334,350,16,8.45,90.95,99.4
"STL","2011-2012",82,3843.48,3574,3164,410,53.04,55.79,49.39,134,101,33,57.02,2.09,1.58,146.56,121.5,25.06,54.67,2.29,1.9,315,305,-10,6.97,93.9,100.87
"STL","2012-2013",48,2269.53,1949,1784,165,52.21,51.53,47.16,82,76,6,51.9,2.17,2.01,72.96,71.14,1.82,50.63,1.93,1.88,167,178,11,7.87,91.5,99.37
"STL","2013-2014",82,3836.95,3550,3129,421,53.15,55.51,48.93,158,127,31,55.44,2.47,1.99,139.76,118.23,21.53,54.17,2.19,1.85,315,316,1,8.55,92.25,100.8
"STL","2014-2015",82,3938.2,3603,3360,243,51.74,54.89,51.19,161,134,27,54.58,2.45,2.04,145,128.08,16.92,53.1,2.21,1.95,292,281,-11,8.19,92.31,100.49
"STL","2015-2016",82,3906.71,3615,3346,269,51.93,55.52,51.39,139,124,15,52.85,2.13,1.9,145.14,133.25,11.89,52.14,2.23,2.05,273,247,-26,7.04,93.15,100.19
"STL","2016-2017",82,3942.63,3413,3389,24,50.18,51.94,51.57,154,137,17,52.92,2.34,2.08,132.78,129.73,3.05,50.58,2.02,1.97,253,242,-11,8.4,92.38,100.78
"STL","2017-2018",82,3989.82,3896,3636,260,51.73,58.59,54.68,150,137,13,52.26,2.26,2.06,144.89,136.67,8.22,51.46,2.18,2.06,218,239,21,7.17,92.87,100.04
"STL","2018-2019",82,3972.17,3701,3487,214,51.49,55.9,52.67,166,144,22,53.55,2.51,2.18,160.32,137.99,22.33,53.74,2.42,2.08,218,220,2,8.13,92.21,100.34
"T.B","2007-2008",79,3630.55,3018,3083,-65,49.47,49.88,50.95,132,166,-34,44.3,2.18,2.74,117.85,122.72,-4.87,48.99,1.95,2.03,291,270,-21,7.92,89.91,97.83
"T.B","2008-2009",82,3581.3,2957,3243,-286,47.69,49.54,54.33,128,144,-16,47.06,2.14,2.41,119.74,128.15,-8.41,48.3,2.01,2.15,380,322,-58,7.68,92.11,99.8
"T.B","2009-2010",82,3666.72,3034,3337,-303,47.62,49.65,54.6,132,156,-24,45.83,2.16,2.55,122.93,139.58,-16.65,46.83,2.01,2.28,386,377,-9,7.8,91.52,99.32
"T.B","2010-2011",82,3753.95,3568,3310,258,51.88,57.03,52.9,155,149,6,50.99,2.48,2.38,149.69,119.93,29.76,55.52,2.39,1.92,287,320,33,7.92,91.24,99.16
"T.B","2011-2012",82,3904.18,3264,3635,-371,47.31,50.16,55.86,169,182,-13,48.15,2.6,2.8,131.39,145.81,-14.42,47.4,2.02,2.24,271,257,-14,9.73,90.34,100.07
"T.B","2012-2013",48,2281.17,1921,2150,-229,47.19,50.53,56.55,102,98,4,51,2.68,2.58,77.25,81.45,-4.2,48.68,2.03,2.14,178,187,9,9.71,91.43,101.13
"T.B","2013-2014",82,3882.4,3556,3417,139,51,54.96,52.81,151,128,23,54.12,2.33,1.98,135.31,130.92,4.39,50.82,2.09,2.02,279,277,-2,7.81,92.87,100.67
"T.B","2014-2015",82,3833.55,3576,3167,409,53.03,55.97,49.57,176,135,41,56.59,2.75,2.11,143.37,119.1,24.27,54.62,2.24,1.86,259,284,25,9.03,91.92,100.95
"T.B","2015-2016",82,3824.63,3555,3257,298,52.19,55.77,51.1,147,126,21,53.85,2.31,1.98,126.77,119.86,6.91,51.4,1.99,1.88,273,293,20,7.87,92.9,100.77
"T.B","2016-2017",82,3906.7,3597,3419,178,51.27,55.24,52.51,140,145,-5,49.12,2.15,2.23,138.22,135.6,2.62,50.48,2.12,2.08,283,293,10,7.38,92.4,99.78
"T.B","2017-2018",82,3888.38,3865,3622,243,51.62,59.64,55.89,195,146,49,57.18,3.01,2.25,154.87,138.67,16.2,52.76,2.39,2.14,267,268,1,9.35,92.93,102.28
"T.B","2018-2019",82,3913.18,3823,3591,232,51.56,58.62,55.06,205,157,48,56.63,3.14,2.41,156.76,140.86,15.9,52.67,2.4,2.16,263,263,0,9.76,92.17,101.93
"TOR","2007-2008",78,3342.16,3122,2926,196,51.62,56.05,52.53,140,139,1,50.18,2.51,2.5,132.37,127.33,5.04,50.97,2.38,2.29,289,304,15,8.38,90.96,99.33
"TOR","2008-2009",81,3705.77,3577,3542,35,50.25,57.92,57.35,155,176,-21,46.83,2.51,2.85,143.22,148.1,-4.88,49.16,2.32,2.4,334,347,13,8.27,90.21,98.48
"TOR","2009-2010",82,3786.18,3926,3507,419,52.82,62.22,55.58,149,161,-12,48.06,2.36,2.55,158.68,138.78,19.9,53.34,2.51,2.2,332,331,-1,7.37,91.12,98.49
"TOR","2010-2011",82,3812.36,3568,3901,-333,47.77,56.15,61.4,149,158,-9,48.53,2.35,2.49,132.79,149.94,-17.15,46.97,2.09,2.36,295,311,16,8.4,92.03,100.43
"TOR","2011-2012",82,3977.49,3671,3833,-162,48.92,55.38,57.82,155,180,-25,46.27,2.34,2.72,146.7,161.55,-14.85,47.59,2.21,2.44,257,277,20,8.47,90.97,99.43
"TOR","2012-2013",48,2273.28,1929,2445,-516,44.1,50.91,64.53,104,95,9,52.26,2.74,2.51,74.7,95.14,-20.44,43.98,1.97,2.51,205,198,-7,10.66,92.39,103.04
"TOR","2013-2014",82,3917.6,3262,4342,-1080,42.9,49.96,66.5,148,163,-15,47.59,2.27,2.5,130.52,173.22,-42.7,42.97,2,2.65,316,301,-15,8.47,92.85,101.32
"TOR","2014-2015",82,3855.12,3363,3878,-515,46.44,52.34,60.36,136,171,-35,44.3,2.12,2.66,133.74,169.45,-35.71,44.11,2.08,2.64,265,289,24,7.51,91.84,99.35
"TOR","2015-2016",82,3866.87,3770,3578,192,51.31,58.5,55.52,120,160,-40,42.86,1.86,2.48,142.55,146.13,-3.58,49.38,2.21,2.27,274,259,-15,6.36,91.94,98.3
"TOR","2016-2017",82,3967.96,3936,3876,60,50.38,59.52,58.61,168,162,6,50.91,2.54,2.45,177.14,171.04,6.1,50.88,2.68,2.59,267,248,-19,8.3,92.25,100.55
"TOR","2017-2018",82,4015.07,3941,3963,-22,49.86,58.89,59.22,186,158,28,54.07,2.78,2.36,179.09,171.37,7.72,51.1,2.68,2.56,206,200,-6,9.01,92.81,101.82
"TOR","2018-2019",82,4063.75,4375,4074,301,51.78,64.6,60.15,202,169,33,54.45,2.98,2.5,182.53,169.94,12.59,51.79,2.7,2.51,195,194,-1,9.33,92.41,101.74
"VAN","2007-2008",82,3494.45,2767,2961,-194,48.31,47.51,50.84,118,122,-4,49.17,2.03,2.09,114.38,121.67,-7.29,48.46,1.96,2.09,363,378,15,7.85,92.41,100.25
"VAN","2008-2009",81,3536.45,2951,3019,-68,49.43,50.07,51.22,149,115,34,56.44,2.53,1.95,126.11,126.15,-0.04,49.99,2.14,2.14,385,392,7,9.23,93.08,102.3
"VAN","2009-2010",82,3670.41,3353,3133,220,51.7,54.81,51.21,167,134,33,55.48,2.73,2.19,139.77,131.66,8.11,51.49,2.28,2.15,361,352,-9,9.14,92.4,101.53
"VAN","2010-2011",82,3806.85,3674,3354,320,52.28,57.91,52.86,162,123,39,56.84,2.55,1.94,147.73,144.45,3.28,50.56,2.33,2.28,301,284,-17,8.23,93.35,101.58
"VAN","2011-2012",82,3839.8,3656,3284,372,52.68,57.13,51.32,156,132,24,54.17,2.44,2.06,138.72,146.22,-7.5,48.68,2.17,2.28,302,293,-9,8.15,93.11,101.27
"VAN","2012-2013",48,2257.72,1993,1880,113,51.46,52.96,49.96,83,80,3,50.92,2.21,2.13,81.76,79.96,1.8,50.56,2.17,2.12,167,186,19,8.03,92.54,100.57
"VAN","2013-2014",82,3887.38,3699,3514,185,51.28,57.09,54.24,139,142,-3,49.47,2.15,2.19,141.86,140.72,1.14,50.2,2.19,2.17,310,292,-18,7.25,92.27,99.52
"VAN","2014-2015",82,3893.2,3476,3548,-72,49.49,53.57,54.68,148,159,-11,48.21,2.28,2.45,139.78,153.5,-13.72,47.66,2.15,2.37,295,269,-26,7.74,91.56,99.3
"VAN","2015-2016",82,3945.79,3272,3659,-387,47.21,49.75,55.64,124,153,-29,44.77,1.89,2.33,128.92,159.84,-30.92,44.65,1.96,2.43,249,261,12,6.88,92.52,99.4
"VAN","2016-2017",82,4046.86,3401,3691,-290,47.96,50.42,54.72,128,158,-30,44.76,1.9,2.34,135.26,160.66,-25.4,45.71,2.01,2.38,221,227,6,7.01,92.42,99.43
"VAN","2017-2018",81,3920.53,3451,3787,-336,47.68,52.81,57.96,137,162,-25,45.82,2.1,2.48,137.47,157.69,-20.22,46.57,2.1,2.41,230,208,-22,7.21,92.15,99.36
"VAN","2018-2019",81,3892.87,3507,3795,-288,48.03,54.05,58.49,147,171,-24,46.23,2.27,2.64,138.19,162.83,-24.63,45.91,2.13,2.51,231,242,11,7.92,91.66,99.59
"VGK","2017-2018",82,3920.4,3819,3675,144,50.96,58.45,56.24,171,153,18,52.78,2.62,2.34,151.99,147.94,4.05,50.68,2.33,2.26,209,233,24,8.38,92.19,100.57
"VGK","2018-2019",82,3995.8,4160,3496,664,54.34,62.47,52.5,172,160,12,51.81,2.58,2.4,190.4,149.18,41.22,56.07,2.86,2.24,210,211,1,7.74,91.62,99.37
"WPG","2011-2012",82,3897.03,3643,3596,47,50.32,56.09,55.37,150,156,-6,49.02,2.31,2.4,155.95,150.67,5.28,50.86,2.4,2.32,285,271,-14,7.68,91.74,99.43
"WPG","2012-2013",48,2354.72,2195,2241,-46,49.48,55.93,57.1,91,102,-11,47.15,2.32,2.6,88.52,93.53,-5.01,48.62,2.26,2.38,157,149,-8,8.3,91.2,99.5
"WPG","2013-2014",82,3881.86,3648,3638,10,50.07,56.39,56.23,152,161,-9,48.56,2.35,2.49,158.19,152.48,5.71,50.92,2.45,2.36,306,269,-37,7.81,91.58,99.38
"WPG","2014-2015",82,3773.4,3501,3165,336,52.52,55.67,50.33,143,123,20,53.76,2.27,1.96,152.41,133.43,18.98,53.32,2.42,2.12,341,291,-50,7.87,92.73,100.6
"WPG","2015-2016",82,3864.69,3547,3352,195,51.41,55.07,52.04,145,142,3,50.52,2.25,2.2,148.17,146.69,1.48,50.25,2.3,2.28,301,272,-29,7.66,92.12,99.78
"WPG","2016-2017",82,3878.01,3382,3486,-104,49.24,52.33,53.93,157,164,-7,48.91,2.43,2.54,147.78,144,3.78,50.65,2.29,2.23,252,262,10,8.51,91.56,100.07
"WPG","2017-2018",82,3901.28,3810,3588,222,51.5,58.6,55.18,174,144,30,54.72,2.68,2.21,156.54,139.99,16.55,52.79,2.41,2.15,251,235,-16,8.53,92.54,101.07
"WPG","2018-2019",82,3958.78,3694,3854,-160,48.94,55.99,58.41,167,163,4,50.61,2.53,2.47,147.32,161.13,-13.8,47.76,2.23,2.44,232,249,17,8.37,92.33,100.7
"WSH","2007-2008",81,3592.3,3508,2799,709,55.62,58.59,46.75,140,132,8,51.47,2.34,2.2,145.66,118.93,26.73,55.05,2.43,1.99,307,310,3,7.58,91.45,99.03
"WSH","2008-2009",82,3660.33,3793,3110,683,54.95,62.17,50.98,151,136,15,52.61,2.48,2.23,153.87,128.73,25.14,54.45,2.52,2.11,337,310,-27,7.56,91.92,99.49
"WSH","2009-2010",82,3798.3,3880,3459,421,52.87,61.29,54.64,209,134,75,60.93,3.3,2.12,154,145.08,8.92,51.49,2.43,2.29,275,267,-8,10.39,92.9,103.29
"WSH","2010-2011",82,3825.4,3643,3478,165,51.16,57.14,54.55,143,132,11,52,2.24,2.07,142.22,132.53,9.69,51.76,2.23,2.08,297,261,-36,7.59,92.61,100.2
"WSH","2011-2012",82,3952.25,3491,3647,-156,48.91,53,55.37,149,145,4,50.68,2.26,2.2,137.46,137.68,-0.22,49.96,2.09,2.09,246,235,-11,8.16,92.41,100.57
"WSH","2012-2013",48,2289.75,2043,2150,-107,48.72,53.53,56.34,91,85,6,51.7,2.38,2.23,82.09,85.74,-3.65,48.91,2.15,2.25,167,174,7,8.6,92.8,101.4
"WSH","2013-2014",82,3890.08,3367,3693,-326,47.69,51.93,56.96,134,152,-18,46.85,2.07,2.34,133.56,145.1,-11.54,47.93,2.06,2.24,290,292,2,7.64,92.51,100.15
"WSH","2014-2015",82,3893.65,3614,3420,194,51.38,55.69,52.7,146,133,13,52.33,2.25,2.05,140.73,127.74,12.99,52.42,2.17,1.97,300,273,-27,8.04,92.45,100.49
"WSH","2015-2016",82,3939.32,3689,3546,143,50.99,56.19,54.01,162,128,34,55.86,2.47,1.95,145.71,135.78,9.93,51.76,2.22,2.07,248,256,8,8.24,92.9,101.13
"WSH","2016-2017",82,3907.75,3653,3401,252,51.79,56.09,52.22,178,112,66,61.38,2.73,1.72,148.85,140.57,8.28,51.43,2.29,2.16,278,238,-40,9.18,93.73,102.91
"WSH","2017-2018",82,3954.08,3609,3912,-303,47.99,54.76,59.36,169,153,16,52.48,2.56,2.32,149.14,169.01,-19.87,46.88,2.26,2.56,266,232,-34,9.14,92.47,101.61
"WSH","2018-2019",81,3888.27,3675,3801,-126,49.16,56.71,58.65,193,160,33,54.67,2.98,2.47,151.77,170.17,-18.4,47.14,2.34,2.63,257,224,-33,10.01,92.02,102.03
